"Timeperiod","LAD22CD","smoking_prev"
"2011","E06000001",23.4862
"2012","E06000001",28.1377
"2013","E06000001",23.9873
"2014","E06000001",23.5969
"2015","E06000001",22.7626
"2016","E06000001",19.6187
"2017","E06000001",19.1947
"2018","E06000001",18.6410675381264
"2019","E06000001",19.2638879351782
"2019 - 21","E06000001",17.4904
"2020","E06000001",16.8
"2020 - 22","E06000001",15.39332
"2021","E06000001",16.4
"2021 - 23","E06000001",13.99185
"2022","E06000001",13
"2022 - 24","E06000001",13.49085
"2023","E06000001",12.6
"2024","E06000001",14.84866
"2011","E06000002",25.2041
"2012","E06000002",24.8823
"2013","E06000002",23.1232
"2014","E06000002",21.2057
"2015","E06000002",20.7501
"2016","E06000002",17.0558
"2017","E06000002",18.645
"2018","E06000002",17.4424597193726
"2019","E06000002",17.1724914132692
"2019 - 21","E06000002",16.23833
"2020","E06000002",14.9
"2020 - 22","E06000002",15.54603
"2021","E06000002",16.6
"2021 - 23","E06000002",16.39429
"2022","E06000002",15.1
"2022 - 24","E06000002",15.57135
"2023","E06000002",17.5
"2024","E06000002",14.14834
"2011","E06000003",21.8934
"2012","E06000003",21.5047
"2013","E06000003",21.809
"2014","E06000003",18.7432
"2015","E06000003",17.2878
"2016","E06000003",16.2528
"2017","E06000003",15.0208
"2018","E06000003",13.5420300787327
"2019","E06000003",15.4661098126365
"2019 - 21","E06000003",14.56721
"2020","E06000003",15.9
"2020 - 22","E06000003",13.5764
"2021","E06000003",12.3
"2021 - 23","E06000003",12.31598
"2022","E06000003",12.4
"2022 - 24","E06000003",12.80346
"2023","E06000003",12.2
"2024","E06000003",13.82898
"2011","E06000004",18.3382
"2012","E06000004",20.2517
"2013","E06000004",19.4112
"2014","E06000004",19.6049
"2015","E06000004",18.3662
"2016","E06000004",12.3838
"2017","E06000004",15.0018
"2018","E06000004",16.4350833071361
"2019","E06000004",13.2209071628925
"2019 - 21","E06000004",12.34969
"2020","E06000004",12.2
"2020 - 22","E06000004",11.94346
"2021","E06000004",11.6
"2021 - 23","E06000004",9.98235
"2022","E06000004",12
"2022 - 24","E06000004",9.95461
"2023","E06000004",6.5
"2024","E06000004",11.35352
"2011","E06000005",20.7124
"2012","E06000005",19.4497
"2013","E06000005",19.2371
"2014","E06000005",19.163
"2015","E06000005",17.8661
"2016","E06000005",17.2987
"2017","E06000005",14.4465
"2018","E06000005",13.8182608800686
"2019","E06000005",13.7071804803434
"2019 - 21","E06000005",12.06916
"2020","E06000005",12.8
"2020 - 22","E06000005",10.99523
"2021","E06000005",9.8
"2021 - 23","E06000005",9.19236
"2022","E06000005",10.5
"2022 - 24","E06000005",8.57779
"2023","E06000005",7.3
"2024","E06000005",7.90794
"2011","E06000006",22.8896
"2012","E06000006",21.3063
"2013","E06000006",19.3572
"2014","E06000006",16.3934
"2015","E06000006",20.0386
"2016","E06000006",16.5563
"2017","E06000006",14.9663
"2018","E06000006",17.937647971669
"2019","E06000006",14.9046226820143
"2019 - 21","E06000006",13.16473
"2020","E06000006",12.3
"2020 - 22","E06000006",12.25418
"2021","E06000006",12.3
"2021 - 23","E06000006",12.6989
"2022","E06000006",12.1
"2022 - 24","E06000006",11.46636
"2023","E06000006",13.7
"2024","E06000006",8.51658
"2011","E06000007",15.0743
"2012","E06000007",18.4348
"2013","E06000007",16.3989
"2014","E06000007",14.534
"2015","E06000007",14.8049
"2016","E06000007",12.6265
"2017","E06000007",12.5264
"2018","E06000007",10.4709622218475
"2019","E06000007",11.2506564537408
"2019 - 21","E06000007",9.8894
"2020","E06000007",9.3
"2020 - 22","E06000007",9.14676
"2021","E06000007",9.2
"2021 - 23","E06000007",8.80271
"2022","E06000007",9
"2022 - 24","E06000007",7.55561
"2023","E06000007",8.2
"2024","E06000007",5.56155
"2011","E06000008",27.1014
"2012","E06000008",24.3487
"2013","E06000008",22.0124
"2014","E06000008",23.681
"2015","E06000008",21.2842
"2016","E06000008",19.5229
"2017","E06000008",16.7455
"2018","E06000008",16.1982779783065
"2019","E06000008",15.4992932642303
"2019 - 21","E06000008",15.24934
"2020","E06000008",15.9
"2020 - 22","E06000008",15.98861
"2021","E06000008",14.4
"2021 - 23","E06000008",15.91379
"2022","E06000008",17.7
"2022 - 24","E06000008",15.36587
"2023","E06000008",15.6
"2024","E06000008",12.61806
"2011","E06000009",28.1005
"2012","E06000009",27.7083
"2013","E06000009",26.9911
"2014","E06000009",26.8482
"2015","E06000009",25.2675
"2016","E06000009",22.512
"2017","E06000009",22.3222
"2018","E06000009",21.144568442899
"2019","E06000009",23.402772044727
"2019 - 21","E06000009",21.51561
"2020","E06000009",21.8
"2020 - 22","E06000009",19.42796
"2021","E06000009",19.3
"2021 - 23","E06000009",18.66442
"2022","E06000009",17.2
"2022 - 24","E06000009",19.12715
"2023","E06000009",19.4
"2024","E06000009",20.84299
"2011","E06000010",30.5312
"2012","E06000010",29.2134
"2013","E06000010",27.7174
"2014","E06000010",25.8328
"2015","E06000010",26.8243
"2016","E06000010",24.152
"2017","E06000010",23.0691
"2018","E06000010",26.0729747084533
"2019","E06000010",22.2221076670086
"2019 - 21","E06000010",20.72918
"2020","E06000010",19.4
"2020 - 22","E06000010",19.08842
"2021","E06000010",20.6
"2021 - 23","E06000010",18.19366
"2022","E06000010",17.3
"2022 - 24","E06000010",17.44283
"2023","E06000010",16.6
"2024","E06000010",18.35604
"2011","E06000011",17.6158
"2012","E06000011",16.5711
"2013","E06000011",15.1078
"2014","E06000011",15.0552
"2015","E06000011",15.6632
"2016","E06000011",12.1658
"2017","E06000011",10.8122
"2018","E06000011",12.7829838103964
"2019","E06000011",12.1101158694994
"2019 - 21","E06000011",10.49684
"2020","E06000011",9.9
"2020 - 22","E06000011",9.55554
"2021","E06000011",9.4
"2021 - 23","E06000011",10.11446
"2022","E06000011",9.3
"2022 - 24","E06000011",10.26319
"2023","E06000011",11.5
"2024","E06000011",9.93972
"2011","E06000012",24.6359
"2012","E06000012",25.567
"2013","E06000012",24.697
"2014","E06000012",23.8175
"2015","E06000012",22.7765
"2016","E06000012",19.9249
"2017","E06000012",19.9892
"2018","E06000012",21.1987737979994
"2019","E06000012",22.2020185169739
"2019 - 21","E06000012",18.24765
"2020","E06000012",17.4
"2020 - 22","E06000012",17.51897
"2021","E06000012",15.2
"2021 - 23","E06000012",16.90468
"2022","E06000012",20
"2022 - 24","E06000012",17.57965
"2023","E06000012",15.6
"2024","E06000012",17.30419
"2011","E06000013",22.1685
"2012","E06000013",23.9598
"2013","E06000013",22.233
"2014","E06000013",18.9359
"2015","E06000013",20.9006
"2016","E06000013",18.5386
"2017","E06000013",20.8373
"2018","E06000013",20.9513549101465
"2019","E06000013",17.8363612135211
"2019 - 21","E06000013",13.90278
"2020","E06000013",12.8
"2020 - 22","E06000013",12.63303
"2021","E06000013",11.1
"2021 - 23","E06000013",13.72824
"2022","E06000013",14
"2022 - 24","E06000013",14.59908
"2023","E06000013",16
"2024","E06000013",13.70933
"2011","E06000014",15.4941
"2012","E06000014",17.013
"2013","E06000014",18.7229
"2014","E06000014",17.2439
"2015","E06000014",14.6359
"2016","E06000014",12.5926
"2017","E06000014",9.0074
"2018","E06000014",11.5356664524537
"2019","E06000014",11.9448208927842
"2019 - 21","E06000014",10.4992
"2020","E06000014",10.9
"2020 - 22","E06000014",9.16462
"2021","E06000014",8.6
"2021 - 23","E06000014",8.03313
"2022","E06000014",7.9
"2022 - 24","E06000014",7.37275
"2023","E06000014",7.6
"2024","E06000014",6.6899
"2011","E06000015",20.3796
"2012","E06000015",19.5784
"2013","E06000015",21.5156
"2014","E06000015",17.5995
"2015","E06000015",18.6622
"2016","E06000015",17.8258
"2017","E06000015",18.9108
"2018","E06000015",19.2481233744002
"2019","E06000015",16.737875759677
"2019 - 21","E06000015",13.95982
"2020","E06000015",12.9
"2020 - 22","E06000015",14.26436
"2021","E06000015",12.2
"2021 - 23","E06000015",13.28234
"2022","E06000015",17.7
"2022 - 24","E06000015",12.79444
"2023","E06000015",9.8
"2024","E06000015",10.81886
"2011","E06000016",21.8426
"2012","E06000016",21.0466
"2013","E06000016",21.7036
"2014","E06000016",19.2057
"2015","E06000016",20.0534
"2016","E06000016",16.966
"2017","E06000016",17.7246
"2018","E06000016",17.3341888683116
"2019","E06000016",15.4466683171145
"2019 - 21","E06000016",13.79754
"2020","E06000016",14.3
"2020 - 22","E06000016",12.63324
"2021","E06000016",11.7
"2021 - 23","E06000016",12.42689
"2022","E06000016",11.9
"2022 - 24","E06000016",11.79974
"2023","E06000016",13.7
"2024","E06000016",9.83322
"2011","E06000017",13.3889
"2012","E06000017",10.966
"2013","E06000017",11.9276
"2014","E06000017",13.6466
"2015","E06000017",11.5652
"2016","E06000017",12.2738
"2017","E06000017",9.2572
"2018","E06000017",10.7587412587413
"2019","E06000017",10.1591347253537
"2019 - 21","E06000017",10.55395
"2020","E06000017",9.6
"2020 - 22","E06000017",10.01639
"2021","E06000017",11.9
"2021 - 23","E06000017",8.15558
"2022","E06000017",8.6
"2022 - 24","E06000017",5.94774
"2023","E06000017",4.3
"2024","E06000017",5.00896
"2011","E06000018",24.9739
"2012","E06000018",24.175
"2013","E06000018",25.4153
"2014","E06000018",24.9841
"2015","E06000018",24.053
"2016","E06000018",21.5387
"2017","E06000018",19.4379
"2018","E06000018",20.5818511296263
"2019","E06000018",20.8926546185835
"2019 - 21","E06000018",17.22046
"2020","E06000018",15.4
"2020 - 22","E06000018",16.72736
"2021","E06000018",15.3
"2021 - 23","E06000018",17.30804
"2022","E06000018",19.5
"2022 - 24","E06000018",16.58307
"2023","E06000018",17.2
"2024","E06000018",13.05747
"2011","E06000019",17.5757
"2012","E06000019",16.644
"2013","E06000019",16.5962
"2014","E06000019",14.6137
"2015","E06000019",17.527
"2016","E06000019",14.0212
"2017","E06000019",12.1972
"2018","E06000019",12.6357900828422
"2019","E06000019",12.2711873140192
"2019 - 21","E06000019",11.80425
"2020","E06000019",12
"2020 - 22","E06000019",11.42018
"2021","E06000019",11.1
"2021 - 23","E06000019",10.55143
"2022","E06000019",11.1
"2022 - 24","E06000019",10.74949
"2023","E06000019",9.5
"2024","E06000019",11.77124
"2011","E06000020",24.6714
"2012","E06000020",21.9213
"2013","E06000020",21.0017
"2014","E06000020",19.976
"2015","E06000020",18.1672
"2016","E06000020",15.6459
"2017","E06000020",16.4587
"2018","E06000020",16.1827754795036
"2019","E06000020",15.3845583107035
"2019 - 21","E06000020",14.28802
"2020","E06000020",14.7
"2020 - 22","E06000020",14.24039
"2021","E06000020",12.9
"2021 - 23","E06000020",13.86571
"2022","E06000020",15.2
"2022 - 24","E06000020",11.87299
"2023","E06000020",13.6
"2024","E06000020",6.79846
"2011","E06000021",25.2422
"2012","E06000021",24.2687
"2013","E06000021",18.9446
"2014","E06000021",17.9818
"2015","E06000021",18.729
"2016","E06000021",20.2935
"2017","E06000021",18.8657
"2018","E06000021",18.6721443842392
"2019","E06000021",18.2482750235569
"2019 - 21","E06000021",16.57735
"2020","E06000021",16.2
"2020 - 22","E06000021",15.43758
"2021","E06000021",15.3
"2021 - 23","E06000021",14.10338
"2022","E06000021",14.9
"2022 - 24","E06000021",13.46556
"2023","E06000021",12.2
"2024","E06000021",13.39655
"2011","E06000022",15.3636
"2012","E06000022",18.7467
"2013","E06000022",15.7469
"2014","E06000022",16.0909
"2015","E06000022",13.776
"2016","E06000022",13.5577
"2017","E06000022",13.4158
"2018","E06000022",11.7145779643455
"2019","E06000022",13.0439221611909
"2019 - 21","E06000022",10.81838
"2020","E06000022",10.5
"2020 - 22","E06000022",9.98756
"2021","E06000022",9
"2021 - 23","E06000022",9.92193
"2022","E06000022",10.5
"2022 - 24","E06000022",9.40444
"2023","E06000022",10.3
"2024","E06000022",7.3494
"2011","E06000023",21.0831
"2012","E06000023",21.0724
"2013","E06000023",20.6167
"2014","E06000023",20.4724
"2015","E06000023",18.132
"2016","E06000023",16.308
"2017","E06000023",11.1372
"2018","E06000023",16.311536704522
"2019","E06000023",17.9714675457542
"2019 - 21","E06000023",16.64728
"2020","E06000023",16.8
"2020 - 22","E06000023",15.18695
"2021","E06000023",15.2
"2021 - 23","E06000023",13.54284
"2022","E06000023",13.5
"2022 - 24","E06000023",12.6556
"2023","E06000023",11.9
"2024","E06000023",12.61599
"2011","E06000024",15.701
"2012","E06000024",16.1975
"2013","E06000024",15.8295
"2014","E06000024",12.3206
"2015","E06000024",11.6677
"2016","E06000024",11.7291
"2017","E06000024",11.0771
"2018","E06000024",12.0062832493726
"2019","E06000024",11.2500156111451
"2019 - 21","E06000024",11.44294
"2020","E06000024",11.2
"2020 - 22","E06000024",10.83155
"2021","E06000024",11.8
"2021 - 23","E06000024",9.89472
"2022","E06000024",9.4
"2022 - 24","E06000024",8.8403
"2023","E06000024",8.4
"2024","E06000024",8.67596
"2011","E06000025",15.0388
"2012","E06000025",16.9903
"2013","E06000025",16.8578
"2014","E06000025",13.7964
"2015","E06000025",12.2846
"2016","E06000025",9.7245
"2017","E06000025",10.4883
"2018","E06000025",10.6332805130754
"2019","E06000025",11.2015450406953
"2019 - 21","E06000025",10.62918
"2020","E06000025",9.3
"2020 - 22","E06000025",10.5806
"2021","E06000025",11.3
"2021 - 23","E06000025",10.16361
"2022","E06000025",11
"2022 - 24","E06000025",8.8592
"2023","E06000025",8.2
"2024","E06000025",7.32824
"2011","E06000026",23.3726
"2012","E06000026",24.0581
"2013","E06000026",22.6535
"2014","E06000026",22.2784
"2015","E06000026",20.5961
"2016","E06000026",17.2375
"2017","E06000026",18.4369
"2018","E06000026",16.960536949794
"2019","E06000026",18.5169844603517
"2019 - 21","E06000026",16.83042
"2020","E06000026",17.7
"2020 - 22","E06000026",15.08694
"2021","E06000026",14.3
"2021 - 23","E06000026",14.41598
"2022","E06000026",13.4
"2022 - 24","E06000026",15.21724
"2023","E06000026",15.6
"2024","E06000026",16.70963
"2011","E06000027",19.2049
"2012","E06000027",20.8821
"2013","E06000027",16.8991
"2014","E06000027",20.853
"2015","E06000027",17.0205
"2016","E06000027",16.7251
"2017","E06000027",14.7552
"2018","E06000027",15.9576981599267
"2019","E06000027",14.9859363167574
"2019 - 21","E06000027",14.14884
"2020","E06000027",13
"2020 - 22","E06000027",14.7297
"2021","E06000027",14.5
"2021 - 23","E06000027",15.23299
"2022","E06000027",16.8
"2022 - 24","E06000027",13.80386
"2023","E06000027",14.5
"2024","E06000027",10.14433
"2011","E06000030",22.1757
"2012","E06000030",20.416
"2013","E06000030",18.8328
"2014","E06000030",17.9948
"2015","E06000030",18.626
"2016","E06000030",14.9004
"2017","E06000030",17.3168
"2018","E06000030",17.6626489648909
"2019","E06000030",13.0965021764373
"2019 - 21","E06000030",12.44409
"2020","E06000030",12.7
"2020 - 22","E06000030",10.93695
"2021","E06000030",11.5
"2021 - 23","E06000030",9.7313
"2022","E06000030",8.6
"2022 - 24","E06000030",8.98411
"2023","E06000030",9
"2024","E06000030",9.26734
"2011","E06000031",25.5933
"2012","E06000031",20.6776
"2013","E06000031",19.5713
"2014","E06000031",17.6287
"2015","E06000031",18.0889
"2016","E06000031",17.618
"2017","E06000031",17.6127
"2018","E06000031",19.4838025728324
"2019","E06000031",18.8316188195085
"2019 - 21","E06000031",15.42389
"2020","E06000031",14.4
"2020 - 22","E06000031",12.87377
"2021","E06000031",13.2
"2021 - 23","E06000031",12.10885
"2022","E06000031",11.1
"2022 - 24","E06000031",12.71344
"2023","E06000031",12.1
"2024","E06000031",15.09301
"2011","E06000032",22.1802
"2012","E06000032",20.8886
"2013","E06000032",19.0894
"2014","E06000032",21.2616
"2015","E06000032",15.8191
"2016","E06000032",16.3368
"2017","E06000032",14.3171
"2018","E06000032",15.985348902733
"2019","E06000032",16.8442351648077
"2019 - 21","E06000032",15.25911
"2020","E06000032",15.8
"2020 - 22","E06000032",16.05949
"2021","E06000032",13.1
"2021 - 23","E06000032",15.36849
"2022","E06000032",19.3
"2022 - 24","E06000032",14.56717
"2023","E06000032",13.8
"2024","E06000032",10.63158
"2011","E06000033",21.7587
"2012","E06000033",18.9269
"2013","E06000033",20.0899
"2014","E06000033",19.4087
"2015","E06000033",18.7966
"2016","E06000033",17.1768
"2017","E06000033",17.9892
"2018","E06000033",15.9390933854858
"2019","E06000033",13.2342307855897
"2019 - 21","E06000033",12.53172
"2020","E06000033",12.4
"2020 - 22","E06000033",12.38695
"2021","E06000033",12
"2021 - 23","E06000033",11.53543
"2022","E06000033",12.8
"2022 - 24","E06000033",10.3273
"2023","E06000033",9.8
"2024","E06000033",8.42612
"2011","E06000034",23.5548
"2012","E06000034",19.4368
"2013","E06000034",19.5373
"2014","E06000034",20.8619
"2015","E06000034",21.273
"2016","E06000034",20.823
"2017","E06000034",17.674
"2018","E06000034",17.9068826540933
"2019","E06000034",17.5438186855951
"2019 - 21","E06000034",14.09636
"2020","E06000034",13
"2020 - 22","E06000034",13.3214
"2021","E06000034",11.8
"2021 - 23","E06000034",13.5565
"2022","E06000034",15.2
"2022 - 24","E06000034",14.29364
"2023","E06000034",13.7
"2024","E06000034",13.98306
"2011","E06000035",24.1587
"2012","E06000035",25.4866
"2013","E06000035",22.9839
"2014","E06000035",22.1847
"2015","E06000035",22.2595
"2016","E06000035",18.9657
"2017","E06000035",17.6233
"2018","E06000035",14.7197888461626
"2019","E06000035",14.063289312261
"2019 - 21","E06000035",13.69577
"2020","E06000035",13.6
"2020 - 22","E06000035",11.67689
"2021","E06000035",13.4
"2021 - 23","E06000035",11.13031
"2022","E06000035",8.1
"2022 - 24","E06000035",10.38149
"2023","E06000035",12
"2024","E06000035",11.18353
"2011","E06000036",18.7435
"2012","E06000036",19.3578
"2013","E06000036",16.2308
"2014","E06000036",16.846
"2015","E06000036",16.686
"2016","E06000036",16.0546
"2017","E06000036",13.2628
"2018","E06000036",10.9387113207965
"2019","E06000036",11.8619402570568
"2019 - 21","E06000036",10.78465
"2020","E06000036",10.4
"2020 - 22","E06000036",11.26133
"2021","E06000036",10.1
"2021 - 23","E06000036",12.1241
"2022","E06000036",13.3
"2022 - 24","E06000036",12.61157
"2023","E06000036",13
"2024","E06000036",11.50185
"2011","E06000037",17.8474
"2012","E06000037",18.0789
"2013","E06000037",16.3474
"2014","E06000037",15.6033
"2015","E06000037",14.0743
"2016","E06000037",12.8361
"2017","E06000037",13.0515
"2018","E06000037",10.0753800945445
"2019","E06000037",10.3467917574133
"2019 - 21","E06000037",11.06994
"2020","E06000037",10.4
"2020 - 22","E06000037",11.04585
"2021","E06000037",12.5
"2021 - 23","E06000037",10.60972
"2022","E06000037",10.3
"2022 - 24","E06000037",9.11692
"2023","E06000037",9.1
"2024","E06000037",8.02176
"2011","E06000038",21.9884
"2012","E06000038",20.6156
"2013","E06000038",20.3706
"2014","E06000038",18.7372
"2015","E06000038",17.6021
"2016","E06000038",15.8323
"2017","E06000038",13.5905
"2018","E06000038",13.0102223744911
"2019","E06000038",13.9489828866645
"2019 - 21","E06000038",13.88215
"2020","E06000038",13
"2020 - 22","E06000038",13.61723
"2021","E06000038",14.7
"2021 - 23","E06000038",12.97363
"2022","E06000038",13.2
"2022 - 24","E06000038",11.17462
"2023","E06000038",11.1
"2024","E06000038",9.28239
"2011","E06000039",22.5111
"2012","E06000039",21.3926
"2013","E06000039",21.5365
"2014","E06000039",19.3544
"2015","E06000039",18.2152
"2016","E06000039",18.0432
"2017","E06000039",16.6127
"2018","E06000039",21.2602469135802
"2019","E06000039",16.1537291004888
"2019 - 21","E06000039",15.10513
"2020","E06000039",15.2
"2020 - 22","E06000039",14.36987
"2021","E06000039",14
"2021 - 23","E06000039",11.74882
"2022","E06000039",13.9
"2022 - 24","E06000039",9.46764
"2023","E06000039",7.8
"2024","E06000039",6.81497
"2011","E06000040",14.1
"2012","E06000040",14.6906
"2013","E06000040",15.2072
"2014","E06000040",12.0877
"2015","E06000040",13.0116
"2016","E06000040",12.2233
"2017","E06000040",11.1609
"2018","E06000040",8.41352128679473
"2019","E06000040",9.80811968128354
"2019 - 21","E06000040",10.43729
"2020","E06000040",10.5
"2020 - 22","E06000040",9.77208
"2021","E06000040",11
"2021 - 23","E06000040",9.13866
"2022","E06000040",7.8
"2022 - 24","E06000040",7.65613
"2023","E06000040",8.5
"2024","E06000040",6.65133
"2011","E06000041",13.8135
"2012","E06000041",12.7184
"2013","E06000041",11.1476
"2014","E06000041",9.4525
"2015","E06000041",9.4714
"2016","E06000041",8.7699
"2017","E06000041",8.1314
"2018","E06000041",8.23574807905245
"2019","E06000041",8.41466567559707
"2019 - 21","E06000041",7.16547
"2020","E06000041",6.8
"2020 - 22","E06000041",5.74062
"2021","E06000041",6.2
"2021 - 23","E06000041",5.41211
"2022","E06000041",4.1
"2022 - 24","E06000041",5.68818
"2023","E06000041",5.8
"2024","E06000041",7.09432
"2011","E06000042",20.5238
"2012","E06000042",18.4164
"2013","E06000042",20.0124
"2014","E06000042",19.3502
"2015","E06000042",16.3908
"2016","E06000042",14.5116
"2017","E06000042",13.2572
"2018","E06000042",13.4009059965711
"2019","E06000042",15.0517278025199
"2019 - 21","E06000042",14.04602
"2020","E06000042",13.5
"2020 - 22","E06000042",13.21041
"2021","E06000042",13.6
"2021 - 23","E06000042",11.17678
"2022","E06000042",12.6
"2022 - 24","E06000042",10.28357
"2023","E06000042",7.1
"2024","E06000042",10.99528
"2011","E06000043",24.5003
"2012","E06000043",24.7258
"2013","E06000043",26.0696
"2014","E06000043",24.4244
"2015","E06000043",20.9092
"2016","E06000043",19.8915
"2017","E06000043",17.974
"2018","E06000043",19.3082340124762
"2019","E06000043",17.4996616706702
"2019 - 21","E06000043",15.55546
"2020","E06000043",16.1
"2020 - 22","E06000043",13.60912
"2021","E06000043",12.9
"2021 - 23","E06000043",13.01582
"2022","E06000043",11.6
"2022 - 24","E06000043",12.78141
"2023","E06000043",14.4
"2024","E06000043",12.22984
"2011","E06000044",24.6747
"2012","E06000044",24.0779
"2013","E06000044",22.0376
"2014","E06000044",21.477
"2015","E06000044",19.817
"2016","E06000044",20.058
"2017","E06000044",15.1733
"2018","E06000044",17.5108908184309
"2019","E06000044",16.4464451057238
"2019 - 21","E06000044",14.83645
"2020","E06000044",15.4
"2020 - 22","E06000044",13.81018
"2021","E06000044",12.6
"2021 - 23","E06000044",11.78139
"2022","E06000044",13.4
"2022 - 24","E06000044",11.09478
"2023","E06000044",9.5
"2024","E06000044",10.54247
"2011","E06000045",20.7174
"2012","E06000045",21.3387
"2013","E06000045",21.3886
"2014","E06000045",20.3847
"2015","E06000045",20.4796
"2016","E06000045",17.8391
"2017","E06000045",17.3774
"2018","E06000045",16.186656201742
"2019","E06000045",16.7968064352736
"2019 - 21","E06000045",13.91831
"2020","E06000045",13.4
"2020 - 22","E06000045",12.34539
"2021","E06000045",11.7
"2021 - 23","E06000045",12.32268
"2022","E06000045",12
"2022 - 24","E06000045",12.42701
"2023","E06000045",13.4
"2024","E06000045",11.95351
"2011","E06000046",20.3324
"2012","E06000046",19.3979
"2013","E06000046",16.4049
"2014","E06000046",16.7671
"2015","E06000046",16.371
"2016","E06000046",15.3461
"2017","E06000046",14.0896
"2018","E06000046",13.2383422013656
"2019","E06000046",14.4373413802426
"2019 - 21","E06000046",13.10275
"2020","E06000046",12.8
"2020 - 22","E06000046",11.1509
"2021","E06000046",12.1
"2021 - 23","E06000046",10.03769
"2022","E06000046",8.6
"2022 - 24","E06000046",9.33197
"2023","E06000046",9.4
"2024","E06000046",9.93304
"2011","E06000047",20.2449
"2012","E06000047",22.2423
"2013","E06000047",22.0902
"2014","E06000047",20.324
"2015","E06000047",18.9571
"2016","E06000047",17.8768
"2017","E06000047",14.2547
"2018","E06000047",14.9869316418423
"2019","E06000047",17.0020385003362
"2019 - 21","E06000047",15.91056
"2020","E06000047",15.6
"2020 - 22","E06000047",14.92975
"2021","E06000047",15.2
"2021 - 23","E06000047",13.34052
"2022","E06000047",14
"2022 - 24","E06000047",11.26243
"2023","E06000047",11
"2024","E06000047",8.84123
"2011","E06000049",13.6956
"2012","E06000049",15.8987
"2013","E06000049",16.0625
"2014","E06000049",11.4898
"2015","E06000049",12.4522
"2016","E06000049",13.2581
"2017","E06000049",16.3966
"2018","E06000049",8.70242171383373
"2019","E06000049",13.8049157076429
"2019 - 21","E06000049",12.14434
"2020","E06000049",10.1
"2020 - 22","E06000049",10.38966
"2021","E06000049",12.6
"2021 - 23","E06000049",9.03846
"2022","E06000049",8.5
"2022 - 24","E06000049",7.04065
"2023","E06000049",6.4
"2024","E06000049",6.37971
"2011","E06000050",19.1847
"2012","E06000050",14.7251
"2013","E06000050",17.3829
"2014","E06000050",19.3632
"2015","E06000050",13.1216
"2016","E06000050",11.7099
"2017","E06000050",12.6692
"2018","E06000050",13.7836367032985
"2019","E06000050",11.3421430213478
"2019 - 21","E06000050",10.70149
"2020","E06000050",12.5
"2020 - 22","E06000050",9.62173
"2021","E06000050",8.2
"2021 - 23","E06000050",8.6675
"2022","E06000050",8.1
"2022 - 24","E06000050",9.08659
"2023","E06000050",9.8
"2024","E06000050",9.42711
"2011","E06000051",16.1191
"2012","E06000051",18.9598
"2013","E06000051",16.5257
"2014","E06000051",15.0972
"2015","E06000051",14.519
"2016","E06000051",17.1628
"2017","E06000051",14.0359
"2018","E06000051",13.5516011230026
"2019","E06000051",13.7129491033568
"2019 - 21","E06000051",11.92999
"2020","E06000051",10
"2020 - 22","E06000051",10.37597
"2021","E06000051",12
"2021 - 23","E06000051",10.57995
"2022","E06000051",9.1
"2022 - 24","E06000051",8.63694
"2023","E06000051",10.7
"2024","E06000051",6.05675
"2011","E06000052",20.8603
"2012","E06000052",20.5088
"2013","E06000052",18.087
"2014","E06000052",18.4132
"2015","E06000052",18.1435
"2016","E06000052",15.74
"2017","E06000052",14.812
"2018","E06000052",13.752931579484
"2019","E06000052",15.1674234804843
"2019 - 21","E06000052",12.59446
"2020","E06000052",11.9
"2020 - 22","E06000052",10.64365
"2021","E06000052",10.7
"2021 - 23","E06000052",10.67202
"2022","E06000052",9.4
"2022 - 24","E06000052",10.93317
"2023","E06000052",11.9
"2024","E06000052",11.45163
"2011","E06000053",19.4105673139159
"2012","E06000053",18.90165932178
"2013","E06000053",17.9052236796854
"2014","E06000053",17.3884971474531
"2015","E06000053",16.6020810170157
"2016","E06000053",15.1865597027293
"2017","E06000053",14.4877488898448
"2018","E06000053",14.0962671714088
"2019","E06000053",13.5708531091428
"2020","E06000053",12.506063034188
"2021","E06000053",11.9620753715499
"2022","E06000053",11.4016339869281
"2023","E06000053",10.6472131147541
"2024","E06000053",10.2001501628664
"2011","E06000054",16.688
"2012","E06000054",16.9216
"2013","E06000054",17.1777
"2014","E06000054",17.6684
"2015","E06000054",14.2543
"2016","E06000054",13.9169
"2017","E06000054",14.0287
"2018","E06000054",12.271677571892
"2019","E06000054",14.60232379881
"2019 - 21","E06000054",12.78901
"2020","E06000054",12.9
"2020 - 22","E06000054",10.99488
"2021","E06000054",10.8
"2021 - 23","E06000054",9.99581
"2022","E06000054",9.2
"2022 - 24","E06000054",9.1837
"2023","E06000054",9.9
"2024","E06000054",8.40756
"2011","E06000055",17.5759
"2012","E06000055",16.948
"2013","E06000055",15.6341
"2014","E06000055",13.508
"2015","E06000055",17.2582
"2016","E06000055",15.051
"2017","E06000055",16.1662
"2018","E06000055",15.2689490497241
"2019","E06000055",10.7554100931584
"2019 - 21","E06000055",11.7707
"2020","E06000055",15.5
"2020 - 22","E06000055",11.76305
"2021","E06000055",9.2
"2021 - 23","E06000055",10.89463
"2022","E06000055",10.7
"2022 - 24","E06000055",11.99121
"2023","E06000055",12.8
"2024","E06000055",12.42026
"2011","E06000056",17.0857
"2012","E06000056",18.2136
"2013","E06000056",18.6738
"2014","E06000056",18.5218
"2015","E06000056",16.6524
"2016","E06000056",10.2746
"2017","E06000056",15.8403
"2018","E06000056",13.7576504136801
"2019","E06000056",13.7037732307115
"2019 - 21","E06000056",12.70971
"2020","E06000056",13.8
"2020 - 22","E06000056",12.71172
"2021","E06000056",10.7
"2021 - 23","E06000056",11.43489
"2022","E06000056",13.7
"2022 - 24","E06000056",11.03279
"2023","E06000056",9.9
"2024","E06000056",9.45154
"2011","E06000057",15.9696
"2012","E06000057",18.0816
"2013","E06000057",17.6098
"2014","E06000057",16.5836
"2015","E06000057",16.5619
"2016","E06000057",16.8593
"2017","E06000057",12.9693
"2018","E06000057",12.0727148743664
"2019","E06000057",12.8516167347496
"2019 - 21","E06000057",12.11125
"2020","E06000057",12.7
"2020 - 22","E06000057",10.74887
"2021","E06000057",10.8
"2021 - 23","E06000057",9.05374
"2022","E06000057",8.7
"2022 - 24","E06000057",8.12592
"2023","E06000057",7.7
"2024","E06000057",8.01764
"2012","E06000058",19.9025429672627
"2013","E06000058",16.8449286290696
"2014","E06000058",16.8261193711225
"2015","E06000058",17.5418285154207
"2016","E06000058",16.1077396672227
"2017","E06000058",12.6574874156303
"2018","E06000058",14.6033657675569
"2019","E06000058",13.863516944753
"2019 - 21","E06000058",11.55647
"2020","E06000058",10.2
"2020 - 22","E06000058",9.98948
"2021","E06000058",10.6
"2021 - 23","E06000058",9.75973
"2022","E06000058",9.1
"2022 - 24","E06000058",9.27581
"2023","E06000058",9.5
"2024","E06000058",9.12766
"2012","E06000059",16.3750027039304
"2013","E06000059",16.6828363685833
"2014","E06000059",15.6903053897148
"2015","E06000059",14.9600074073546
"2016","E06000059",12.8952526132404
"2017","E06000059",12.4111683908245
"2018","E06000059",12.4170787165698
"2019","E06000059",10.1498550903821
"2019 - 21","E06000059",9.68415
"2020","E06000059",10.2
"2020 - 22","E06000059",9.04905
"2021","E06000059",8.8
"2021 - 23","E06000059",9.27717
"2022","E06000059",8.3
"2022 - 24","E06000059",9.63293
"2023","E06000059",10.7
"2024","E06000059",9.86385
"2011","E06000060",14.8565
"2012","E06000060",14.4741
"2013","E06000060",13.8477
"2014","E06000060",14.1549
"2015","E06000060",11.0464
"2016","E06000060",11.217
"2017","E06000060",9.5544
"2018","E06000060",10.3197617100929
"2019 - 21","E06000060",10.17429
"2020","E06000060",10.17429
"2020 - 22","E06000060",9.60029
"2021","E06000060",9.8
"2021 - 23","E06000060",9.94003
"2022","E06000060",9.6
"2022 - 24","E06000060",9.44252
"2023","E06000060",10.5
"2024","E06000060",8.28301
"2019 - 21","E06000061",16.03389
"2020","E06000061",15.025
"2020 - 22","E06000061",14.5028
"2021","E06000061",15.825
"2021 - 23","E06000061",14.21015
"2022","E06000061",13.3
"2022 - 24","E06000061",13.10555
"2023","E06000061",13.9
"2024","E06000061",12.11286
"2019 - 21","E06000062",12.40683
"2020","E06000062",10.5666666666667
"2020 - 22","E06000062",10.97655
"2021","E06000062",10.3666666666667
"2021 - 23","E06000062",11.57903
"2022","E06000062",10.9
"2022 - 24","E06000062",10.95572
"2023","E06000062",13
"2024","E06000062",8.9978
"2019 - 21","E06000063",15.18034
"2020 - 22","E06000063",13.6289
"2021 - 23","E06000063",12.39533
"2022 - 24","E06000063",11.99129
"2019 - 21","E06000064",11.49296
"2020 - 22","E06000064",10.88323
"2021 - 23","E06000064",10.33956
"2022 - 24","E06000064",9.24726
"2011","E06000065",17.6995
"2012","E06000065",19.5498
"2013","E06000065",15.235
"2014","E06000065",15.7745
"2015","E06000065",13.2447
"2016","E06000065",13.1336
"2017","E06000065",15.6286
"2018","E06000065",12.03327
"2019","E06000065",11.94472
"2019 - 21","E06000065",10.7907
"2020 - 22","E06000065",9.72028
"2021 - 23","E06000065",9.39276
"2022 - 24","E06000065",9.03676
"2011","E06000066",18.4664
"2012","E06000066",19.0207
"2013","E06000066",20.073
"2014","E06000066",17.5427
"2015","E06000066",16.0604
"2016","E06000066",12.3405
"2017","E06000066",14.1927
"2018","E06000066",15.90833
"2019","E06000066",14.39181
"2019 - 21","E06000066",13.34514
"2020 - 22","E06000066",12.35383
"2021 - 23","E06000066",11.60287
"2022 - 24","E06000066",10.88388
"2024","E06000066",11.29431
"2011","E07000008",14.5771
"2012","E07000008",13.3875
"2013","E07000008",9.1805
"2014","E07000008",16.4641
"2015","E07000008",17.7086
"2016","E07000008",15.1368
"2017","E07000008",16.9795
"2018","E07000008",14.1091308822154
"2019","E07000008",17.0502277048238
"2019 - 21","E07000008",14.65527
"2020","E07000008",13.8
"2020 - 22","E07000008",13.11862
"2021","E07000008",13
"2021 - 23","E07000008",10.69242
"2022","E07000008",12.6
"2022 - 24","E07000008",10.10863
"2023","E07000008",6.6
"2024","E07000008",11.1592
"2011","E07000009",12.8508
"2012","E07000009",19.6401
"2013","E07000009",18.9373
"2014","E07000009",16.1763
"2015","E07000009",14.3677
"2016","E07000009",15.3376
"2017","E07000009",15.3466
"2018","E07000009",10.7989757110172
"2019","E07000009",13.5170365481396
"2019 - 21","E07000009",10.88806
"2020","E07000009",14.3
"2020 - 22","E07000009",8.49095
"2021","E07000009",5.2
"2021 - 23","E07000009",7.51638
"2022","E07000009",6.3
"2022 - 24","E07000009",9.44181
"2023","E07000009",10.7
"2024","E07000009",11.18487
"2011","E07000010",28.1265
"2012","E07000010",31.3189
"2013","E07000010",24.3491
"2014","E07000010",21.6826
"2015","E07000010",26.4014
"2016","E07000010",21.5778
"2017","E07000010",16.3159
"2018","E07000010",19.3594701918226
"2019","E07000010",21.9440406976744
"2019 - 21","E07000010",23.13938
"2020","E07000010",21.3
"2020 - 22","E07000010",20.09484
"2021","E07000010",26
"2021 - 23","E07000010",20.43642
"2022","E07000010",12.8
"2022 - 24","E07000010",17.0419
"2023","E07000010",22.7
"2024","E07000010",16.64555
"2011","E07000011",20.4373
"2012","E07000011",18.789
"2013","E07000011",12.7164
"2014","E07000011",15.1589
"2015","E07000011",13.902
"2016","E07000011",13.968
"2017","E07000011",13.9533
"2018","E07000011",14.4380453204444
"2019","E07000011",9.88203616900761
"2019 - 21","E07000011",12.67242
"2020","E07000011",16.1
"2020 - 22","E07000011",12.6483
"2021","E07000011",11.9
"2021 - 23","E07000011",10.62508
"2022","E07000011",10
"2022 - 24","E07000011",9.38168
"2023","E07000011",10
"2024","E07000011",8.21209
"2011","E07000012",18.0534
"2012","E07000012",15.4658
"2013","E07000012",11.5078
"2014","E07000012",11.5527
"2015","E07000012",12.7749
"2016","E07000012",12.7528
"2017","E07000012",11.2849
"2018","E07000012",10.3819784524976
"2019","E07000012",7.24878724878725
"2019 - 21","E07000012",8.39005
"2020","E07000012",12
"2020 - 22","E07000012",9.13301
"2021","E07000012",5.9
"2021 - 23","E07000012",6.86221
"2022","E07000012",9.4
"2022 - 24","E07000012",6.68247
"2023","E07000012",5.4
"2024","E07000012",5.47031
"2011","E07000026",20.067
"2012","E07000026",21.7458
"2013","E07000026",16.8354
"2014","E07000026",17.8516
"2015","E07000026",17.1815
"2016","E07000026",17.7439
"2017","E07000026",13.6321
"2018","E07000026",13.0578310306883
"2019","E07000026",15.4944796154432
"2020","E07000026",10.9
"2021","E07000026",14.4
"2022","E07000026",13.8
"2023","E07000026",11.4
"2024","E07000026",13.31471
"2011","E07000027",27.4972
"2012","E07000027",24.2173
"2013","E07000027",24.1233
"2014","E07000027",24.0454
"2015","E07000027",20.1251
"2016","E07000027",16.181
"2017","E07000027",18.1137
"2018","E07000027",19.3318952952836
"2019","E07000027",21.4450656295576
"2020","E07000027",13.7
"2021","E07000027",17.7
"2022","E07000027",19.3
"2023","E07000027",9.1
"2024","E07000027",14.04006
"2011","E07000028",24.2913
"2012","E07000028",23.0456
"2013","E07000028",18.7923
"2014","E07000028",20.8581
"2015","E07000028",13.8825
"2016","E07000028",14.1605
"2017","E07000028",16.0544
"2018","E07000028",14.6739330108383
"2019","E07000028",17.7338424094218
"2020","E07000028",16.5
"2021","E07000028",13.7
"2022","E07000028",9
"2023","E07000028",12.5
"2024","E07000028",13.80113
"2011","E07000029",26.8456
"2012","E07000029",25.8819
"2013","E07000029",19.6671
"2014","E07000029",26.1938
"2015","E07000029",19.5552
"2016","E07000029",16.1314
"2017","E07000029",17.2351
"2018","E07000029",16.9423946679362
"2019","E07000029",14.6137310479959
"2020","E07000029",16.8
"2021","E07000029",16.8
"2022","E07000029",12.8
"2023","E07000029",8.1
"2024","E07000029",13.39615
"2011","E07000030",11.2111
"2012","E07000030",12.7445
"2013","E07000030",12.5337
"2014","E07000030",11.6007
"2015","E07000030",14.6585
"2016","E07000030",18.6356
"2017","E07000030",13.1206
"2018","E07000030",8.72711094459795
"2019","E07000030",8.3339582552181
"2020","E07000030",8.7
"2021","E07000030",7.6
"2022","E07000030",10
"2023","E07000030",10
"2024","E07000030",8.39888
"2011","E07000031",16.5835
"2012","E07000031",13.088
"2013","E07000031",12.1587
"2014","E07000031",11.4779
"2015","E07000031",10.518
"2016","E07000031",12.5331
"2017","E07000031",9.4458
"2018","E07000031",10.0618638499399
"2019","E07000031",12.4091656843823
"2020","E07000031",5.7
"2021","E07000031",9.9
"2022","E07000031",9.4
"2023","E07000031",9.6
"2024","E07000031",4.51379
"2011","E07000032",19.8237
"2012","E07000032",20.9814
"2013","E07000032",9.9684
"2014","E07000032",17.1384
"2015","E07000032",18.4336
"2016","E07000032",10.6843
"2017","E07000032",15.239
"2018","E07000032",15.421760391198
"2019","E07000032",12.5382052617613
"2019 - 21","E07000032",13.90977
"2020","E07000032",14.4
"2020 - 22","E07000032",14.49547
"2021","E07000032",14.8
"2021 - 23","E07000032",13.65414
"2022","E07000032",14.3
"2022 - 24","E07000032",11.11477
"2023","E07000032",11.9
"2024","E07000032",7.2918
"2011","E07000033",19.5443
"2012","E07000033",18.7928
"2013","E07000033",22.9988
"2014","E07000033",25.55
"2015","E07000033",19.5708
"2016","E07000033",18.013
"2017","E07000033",16.7134
"2018","E07000033",18.2388070126423
"2019","E07000033",10.6282885570508
"2019 - 21","E07000033",13.06641
"2020","E07000033",14.4
"2020 - 22","E07000033",14.85401
"2021","E07000033",14.3
"2021 - 23","E07000033",15.43439
"2022","E07000033",15.8
"2022 - 24","E07000033",13.41575
"2023","E07000033",16.3
"2024","E07000033",8.32143
"2011","E07000034",24.5905
"2012","E07000034",18.2066
"2013","E07000034",22.4962
"2014","E07000034",26.1267
"2015","E07000034",18.2085
"2016","E07000034",16.2729
"2017","E07000034",17.4755
"2018","E07000034",17.2913952478442
"2019","E07000034",13.7241302779781
"2019 - 21","E07000034",13.61427
"2020","E07000034",16.7
"2020 - 22","E07000034",12.97663
"2021","E07000034",10.6
"2021 - 23","E07000034",12.02322
"2022","E07000034",11.8
"2022 - 24","E07000034",11.94417
"2023","E07000034",13.5
"2024","E07000034",10.47307
"2011","E07000035",19.8038
"2012","E07000035",20.0633
"2013","E07000035",11.6941
"2014","E07000035",12.1359
"2015","E07000035",12.1893
"2016","E07000035",14.2571
"2017","E07000035",10.379
"2018","E07000035",9.48352454900143
"2019","E07000035",9.51007529858114
"2019 - 21","E07000035",10.87475
"2020","E07000035",10.9
"2020 - 22","E07000035",9.60186
"2021","E07000035",12.2
"2021 - 23","E07000035",7.18228
"2022","E07000035",6.2
"2022 - 24","E07000035",5.95463
"2023","E07000035",3.5
"2024","E07000035",8.19263
"2011","E07000036",19.7488
"2012","E07000036",16.0499
"2013","E07000036",23.6902
"2014","E07000036",22.462
"2015","E07000036",20.3871
"2016","E07000036",10.6661
"2017","E07000036",15.4149
"2018","E07000036",11.000784205185
"2019","E07000036",16.6261309465901
"2019 - 21","E07000036",14.33798
"2020","E07000036",9.2
"2020 - 22","E07000036",14.55222
"2021","E07000036",17.5
"2021 - 23","E07000036",14.94098
"2022","E07000036",17.3
"2022 - 24","E07000036",11.75239
"2023","E07000036",10.1
"2024","E07000036",8.10322
"2011","E07000037",17.6474
"2012","E07000037",18.4685
"2013","E07000037",21.2792
"2014","E07000037",15.3782
"2015","E07000037",17.1623
"2016","E07000037",16.1709
"2017","E07000037",15.7982
"2018","E07000037",15.5053321303377
"2019","E07000037",12.3029081305768
"2019 - 21","E07000037",14.8282
"2020","E07000037",17.5
"2020 - 22","E07000037",15.51137
"2021","E07000037",14.3
"2021 - 23","E07000037",14.17372
"2022","E07000037",14.5
"2022 - 24","E07000037",12.25133
"2023","E07000037",13.6
"2024","E07000037",8.51909
"2011","E07000038",17.0955
"2012","E07000038",18.3128
"2013","E07000038",17.2248
"2014","E07000038",14.6015
"2015","E07000038",20.8256
"2016","E07000038",14.6852
"2017","E07000038",15.8929
"2018","E07000038",9.30785320403118
"2019","E07000038",8.62210604929052
"2019 - 21","E07000038",8.34954
"2020","E07000038",7.1
"2020 - 22","E07000038",8.87775
"2021","E07000038",9.2
"2021 - 23","E07000038",8.59902
"2022","E07000038",10.1
"2022 - 24","E07000038",7.64911
"2023","E07000038",6.6
"2024","E07000038",6.34156
"2011","E07000039",16.073
"2012","E07000039",15.1144
"2013","E07000039",13.1305
"2014","E07000039",21.6007
"2015","E07000039",13.9263
"2016","E07000039",13.3578
"2017","E07000039",12.9535
"2018","E07000039",14.3913521218781
"2019","E07000039",15.7719116120421
"2019 - 21","E07000039",13.65016
"2020","E07000039",14.2
"2020 - 22","E07000039",11.72669
"2021","E07000039",11.1
"2021 - 23","E07000039",11.35388
"2022","E07000039",9.9
"2022 - 24","E07000039",12.3248
"2023","E07000039",13
"2024","E07000039",13.95986
"2011","E07000040",17.3882
"2012","E07000040",12.7702
"2013","E07000040",8.3216
"2014","E07000040",11.1481
"2015","E07000040",9.0869
"2016","E07000040",6.0512
"2017","E07000040",9.1964
"2018","E07000040",8.56779315960912
"2019","E07000040",10.2578502013116
"2019 - 21","E07000040",9.99349
"2020","E07000040",9.4
"2020 - 22","E07000040",9.40482
"2021","E07000040",10.3
"2021 - 23","E07000040",8.59801
"2022","E07000040",8.6
"2022 - 24","E07000040",7.96831
"2023","E07000040",6.8
"2024","E07000040",8.41977
"2011","E07000041",24.1206
"2012","E07000041",12.5964
"2013","E07000041",15.367
"2014","E07000041",15.8691
"2015","E07000041",14.2306
"2016","E07000041",13.8721
"2017","E07000041",12.4027
"2018","E07000041",17.1823880786035
"2019","E07000041",11.4024234149671
"2019 - 21","E07000041",9.63067
"2020","E07000041",6.2
"2020 - 22","E07000041",10.35712
"2021","E07000041",11.3
"2021 - 23","E07000041",11.20495
"2022","E07000041",14
"2022 - 24","E07000041",12.66919
"2023","E07000041",8.5
"2024","E07000041",15.29457
"2011","E07000042",19.4745
"2012","E07000042",24.1635
"2013","E07000042",19.3485
"2014","E07000042",12.9003
"2015","E07000042",9.9701
"2016","E07000042",17.1233
"2017","E07000042",16.9492
"2018","E07000042",13.3454814440616
"2019","E07000042",10.6226418315606
"2019 - 21","E07000042",10.01307
"2020","E07000042",9.2
"2020 - 22","E07000042",13.81431
"2021","E07000042",10.1
"2021 - 23","E07000042",14.46016
"2022","E07000042",23.1
"2022 - 24","E07000042",14.39528
"2023","E07000042",11.5
"2024","E07000042",10.30874
"2011","E07000043",17.6891
"2012","E07000043",19.8868
"2013","E07000043",19.9123
"2014","E07000043",19.8573
"2015","E07000043",14.5399
"2016","E07000043",12.7944
"2017","E07000043",15.2531
"2018","E07000043",14.3940396474605
"2019","E07000043",16.4922130685024
"2019 - 21","E07000043",12.68673
"2020","E07000043",12
"2020 - 22","E07000043",10.63145
"2021","E07000043",9.4
"2021 - 23","E07000043",10.5849
"2022","E07000043",10.6
"2022 - 24","E07000043",12.82598
"2023","E07000043",11.7
"2024","E07000043",16.36897
"2011","E07000044",17.8312
"2012","E07000044",17.0369
"2013","E07000044",17.241
"2014","E07000044",12.3791
"2015","E07000044",12.9537
"2016","E07000044",13.6023
"2017","E07000044",16.2172
"2018","E07000044",17.3388132545595
"2019","E07000044",20.4286459403499
"2019 - 21","E07000044",10.92871
"2020","E07000044",8.1
"2020 - 22","E07000044",8.11098
"2021","E07000044",4.7
"2021 - 23","E07000044",7.45387
"2022","E07000044",11.8
"2022 - 24","E07000044",8.61634
"2023","E07000044",6.2
"2024","E07000044",8.18512
"2011","E07000045",21.4038
"2012","E07000045",19.2948
"2013","E07000045",17.0186
"2014","E07000045",9.2909
"2015","E07000045",12.505
"2016","E07000045",12.1192
"2017","E07000045",16.2743
"2018","E07000045",14.1108207004705
"2019","E07000045",11.7501992289302
"2019 - 21","E07000045",13.48203
"2020","E07000045",10.6
"2020 - 22","E07000045",15.40705
"2021","E07000045",18
"2021 - 23","E07000045",17.22107
"2022","E07000045",17.5
"2022 - 24","E07000045",15.98302
"2023","E07000045",16
"2024","E07000045",14.27907
"2011","E07000046",22.6816
"2012","E07000046",20.4522
"2013","E07000046",24.3526
"2014","E07000046",14.3115
"2015","E07000046",12.4569
"2016","E07000046",18.0679
"2017","E07000046",15.4069
"2018","E07000046",7.13263553847412
"2019","E07000046",12.5709635542811
"2019 - 21","E07000046",9.56726
"2020","E07000046",10.2
"2020 - 22","E07000046",7.88036
"2021","E07000046",5.9
"2021 - 23","E07000046",7.34255
"2022","E07000046",7.4
"2022 - 24","E07000046",8.54925
"2023","E07000046",8.8
"2024","E07000046",9.58293
"2011","E07000047",18.8431
"2012","E07000047",17.2338
"2013","E07000047",12.4468
"2014","E07000047",10.0374
"2015","E07000047",12.2803
"2016","E07000047",14.0129
"2017","E07000047",4.9011
"2018","E07000047",14.3130758877731
"2019","E07000047",20.6234427472647
"2019 - 21","E07000047",15.20677
"2020","E07000047",13.5
"2020 - 22","E07000047",11.57918
"2021","E07000047",12.3
"2021 - 23","E07000047",11.38349
"2022","E07000047",8.8
"2022 - 24","E07000047",10.50293
"2023","E07000047",13
"2024","E07000047",9.88423
"2011","E07000061",20.0744
"2012","E07000061",23.8073
"2013","E07000061",21.8929
"2014","E07000061",18.4175
"2015","E07000061",18.7841
"2016","E07000061",21.2518
"2017","E07000061",12.252
"2018","E07000061",14.1268522736408
"2019","E07000061",16.6753979447915
"2019 - 21","E07000061",13.10022
"2020","E07000061",10.4
"2020 - 22","E07000061",9.85878
"2021","E07000061",12.3
"2021 - 23","E07000061",9.82672
"2022","E07000061",7.1
"2022 - 24","E07000061",10.01807
"2023","E07000061",10.3
"2024","E07000061",13.10708
"2011","E07000062",29.2206
"2012","E07000062",28.1269
"2013","E07000062",24.5182
"2014","E07000062",22.0258
"2015","E07000062",25.6417
"2016","E07000062",25.6814
"2017","E07000062",22.242
"2018","E07000062",17.033526172719
"2019","E07000062",16.5477595148588
"2019 - 21","E07000062",18.89236
"2020","E07000062",16
"2020 - 22","E07000062",20.70673
"2021","E07000062",24.5
"2021 - 23","E07000062",18.75055
"2022","E07000062",21.8
"2022 - 24","E07000062",15.91532
"2023","E07000062",9.3
"2024","E07000062",15.94066
"2011","E07000063",20.964
"2012","E07000063",16.5491
"2013","E07000063",17.4616
"2014","E07000063",17.814
"2015","E07000063",17.7116
"2016","E07000063",11.6331
"2017","E07000063",13.2662
"2018","E07000063",11.0471926490876
"2019","E07000063",10.1384723374386
"2019 - 21","E07000063",10.10842
"2020","E07000063",8.3
"2020 - 22","E07000063",9.8941
"2021","E07000063",11.8
"2021 - 23","E07000063",11.27859
"2022","E07000063",9.5
"2022 - 24","E07000063",10.53787
"2023","E07000063",12.6
"2024","E07000063",9.62634
"2011","E07000064",17.3746
"2012","E07000064",11.9328
"2013","E07000064",12.8776
"2014","E07000064",14.5091
"2015","E07000064",15.6955
"2016","E07000064",15.0543
"2017","E07000064",16.9353
"2018","E07000064",16.8426831558721
"2019","E07000064",12.4062560985809
"2019 - 21","E07000064",14.86145
"2020","E07000064",16.8
"2020 - 22","E07000064",14.7405
"2021","E07000064",15.3
"2021 - 23","E07000064",13.98836
"2022","E07000064",12.1
"2022 - 24","E07000064",12.73694
"2023","E07000064",14.4
"2024","E07000064",11.59845
"2011","E07000065",19.0704
"2012","E07000065",14.3327
"2013","E07000065",12.5566
"2014","E07000065",15.6394
"2015","E07000065",14.358
"2016","E07000065",14.2283
"2017","E07000065",8.7951
"2018","E07000065",11.5326825401215
"2019","E07000065",9.37150210204388
"2019 - 21","E07000065",10.16151
"2020","E07000065",10.1
"2020 - 22","E07000065",8.91632
"2021","E07000065",11.1
"2021 - 23","E07000065",8.14937
"2022","E07000065",5.4
"2022 - 24","E07000065",7.13016
"2023","E07000065",7.9
"2024","E07000065",7.94433
"2011","E07000066",16.3447
"2012","E07000066",20.4054
"2013","E07000066",17.6155
"2014","E07000066",17.9039
"2015","E07000066",17.7569
"2016","E07000066",16.8034
"2017","E07000066",16.719
"2018","E07000066",15.6574272029082
"2019","E07000066",18.7292452463351
"2019 - 21","E07000066",14.2167
"2020","E07000066",11.5
"2020 - 22","E07000066",13.82904
"2021","E07000066",12.4
"2021 - 23","E07000066",14.40003
"2022","E07000066",17.8
"2022 - 24","E07000066",14.29226
"2023","E07000066",13.3
"2024","E07000066",12.27623
"2011","E07000067",20.6416
"2012","E07000067",18.9776
"2013","E07000067",17.8504
"2014","E07000067",13.5526
"2015","E07000067",20.1595
"2016","E07000067",15.8445
"2017","E07000067",17.154
"2018","E07000067",16.0782486340296
"2019","E07000067",18.451427721334
"2019 - 21","E07000067",14.94718
"2020","E07000067",16.7
"2020 - 22","E07000067",13.32984
"2021","E07000067",9
"2021 - 23","E07000067",11.25541
"2022","E07000067",13.8
"2022 - 24","E07000067",11.52642
"2023","E07000067",10.8
"2024","E07000067",10.1817
"2011","E07000068",16.4132
"2012","E07000068",7.669
"2013","E07000068",10.8454
"2014","E07000068",13.313
"2015","E07000068",16.0605
"2016","E07000068",11.9913
"2017","E07000068",6.4835
"2018","E07000068",6.773862470065
"2019","E07000068",11.4686884792477
"2019 - 21","E07000068",10.20862
"2020","E07000068",6.2
"2020 - 22","E07000068",10.14841
"2021","E07000068",13.2
"2021 - 23","E07000068",10.73257
"2022","E07000068",11.7
"2022 - 24","E07000068",7.55554
"2023","E07000068",7.6
"2024","E07000068",4.00855
"2011","E07000069",18.4935
"2012","E07000069",16.4431
"2013","E07000069",20.0505
"2014","E07000069",26.0643
"2015","E07000069",19.1559
"2016","E07000069",20.3464
"2017","E07000069",21.4848
"2018","E07000069",15.4171721627881
"2019","E07000069",11.2602225691411
"2019 - 21","E07000069",10.7992
"2020","E07000069",9.6
"2020 - 22","E07000069",11.13373
"2021","E07000069",11.5
"2021 - 23","E07000069",9.69667
"2022","E07000069",12.2
"2022 - 24","E07000069",9.59586
"2023","E07000069",5.4
"2024","E07000069",11.24433
"2011","E07000070",17.4991
"2012","E07000070",17.477
"2013","E07000070",14.5695
"2014","E07000070",13.7463
"2015","E07000070",10.6694
"2016","E07000070",14.0929
"2017","E07000070",12.0171
"2018","E07000070",12.0762433923679
"2019","E07000070",7.55626770010434
"2019 - 21","E07000070",10.17556
"2020","E07000070",16.4
"2020 - 22","E07000070",12.11704
"2021","E07000070",6.8
"2021 - 23","E07000070",11.00149
"2022","E07000070",13.3
"2022 - 24","E07000070",11.19963
"2023","E07000070",12.9
"2024","E07000070",7.83174
"2011","E07000071",17.9159
"2012","E07000071",20.3732
"2013","E07000071",27.0316
"2014","E07000071",20.9501
"2015","E07000071",19.7568
"2016","E07000071",8.9216
"2017","E07000071",15.9936
"2018","E07000071",14.7404548027108
"2019","E07000071",10.9799345295829
"2019 - 21","E07000071",12.32969
"2020","E07000071",14.4
"2020 - 22","E07000071",12.28211
"2021","E07000071",11.5
"2021 - 23","E07000071",10.51574
"2022","E07000071",11
"2022 - 24","E07000071",9.25776
"2023","E07000071",9
"2024","E07000071",7.69431
"2011","E07000072",15.9976
"2012","E07000072",15.3416
"2013","E07000072",18.7885
"2014","E07000072",19.9025
"2015","E07000072",22.1087
"2016","E07000072",8.4953
"2017","E07000072",7.8429
"2018","E07000072",13.8015064244572
"2019","E07000072",13.206276077886
"2019 - 21","E07000072",12.91747
"2020","E07000072",12.3
"2020 - 22","E07000072",12.12648
"2021","E07000072",13.3
"2021 - 23","E07000072",10.46995
"2022","E07000072",10.8
"2022 - 24","E07000072",9.41208
"2023","E07000072",7.2
"2024","E07000072",10.10689
"2011","E07000073",18.4567
"2012","E07000073",24.5273
"2013","E07000073",28.2443
"2014","E07000073",26.3386
"2015","E07000073",22.8914
"2016","E07000073",21.4005
"2017","E07000073",14.8082
"2018","E07000073",20.6107132429972
"2019","E07000073",18.6024014112559
"2019 - 21","E07000073",16.96202
"2020","E07000073",13.9
"2020 - 22","E07000073",15.34522
"2021","E07000073",18.8
"2021 - 23","E07000073",15.01701
"2022","E07000073",13.3
"2022 - 24","E07000073",14.35041
"2023","E07000073",12.7
"2024","E07000073",16.52315
"2011","E07000074",20.949
"2012","E07000074",15.746
"2013","E07000074",22.8206
"2014","E07000074",26.2756
"2015","E07000074",18.0547
"2016","E07000074",8.1043
"2017","E07000074",5.3263
"2018","E07000074",15.329864097712
"2019","E07000074",16.4795752014533
"2019 - 21","E07000074",12.64933
"2020","E07000074",8
"2020 - 22","E07000074",8.45654
"2021","E07000074",13.6
"2021 - 23","E07000074",8.45483
"2022","E07000074",3.9
"2022 - 24","E07000074",5.4958
"2023","E07000074",8
"2024","E07000074",4.84034
"2011","E07000075",14.3548
"2012","E07000075",14.9251
"2013","E07000075",16.6053
"2014","E07000075",13.0451
"2015","E07000075",12.531
"2016","E07000075",19.0398
"2017","E07000075",10.9781
"2018","E07000075",9.40199239894046
"2019","E07000075",5.46224744758658
"2019 - 21","E07000075",8.03292
"2020","E07000075",11
"2020 - 22","E07000075",8.40892
"2021","E07000075",7.9
"2021 - 23","E07000075",5.53263
"2022","E07000075",6.5
"2022 - 24","E07000075",4.22671
"2023","E07000075",2.5
"2024","E07000075",3.88912
"2011","E07000076",21.1873
"2012","E07000076",23.001
"2013","E07000076",19.6056
"2014","E07000076",23.0015
"2015","E07000076",19.3248
"2016","E07000076",18.0727
"2017","E07000076",16.7188
"2018","E07000076",14.7338165458635
"2019","E07000076",13.3901828817083
"2019 - 21","E07000076",14.09387
"2020","E07000076",14.4
"2020 - 22","E07000076",13.99397
"2021","E07000076",14.5
"2021 - 23","E07000076",15.39664
"2022","E07000076",13
"2022 - 24","E07000076",15.10728
"2023","E07000076",18.8
"2024","E07000076",13.61647
"2011","E07000077",11.8668
"2012","E07000077",10.5864
"2013","E07000077",8.6235
"2014","E07000077",6.0676
"2015","E07000077",10.72
"2016","E07000077",6.4207
"2017","E07000077",12.327
"2018","E07000077",10.623545762606
"2019","E07000077",13.0045530499302
"2019 - 21","E07000077",11.02166
"2020","E07000077",12.3
"2020 - 22","E07000077",9.71749
"2021","E07000077",7.6
"2021 - 23","E07000077",14.10322
"2022","E07000077",9.2
"2022 - 24","E07000077",15.04116
"2023","E07000077",23.6
"2024","E07000077",10.78114
"2011","E07000078",17.9152
"2012","E07000078",18.7509
"2013","E07000078",21.2541
"2014","E07000078",14.8631
"2015","E07000078",11.2153
"2016","E07000078",11.8814
"2017","E07000078",10.5303
"2018","E07000078",10.7533578537938
"2019","E07000078",10.6743564894698
"2019 - 21","E07000078",8.88947
"2020","E07000078",7.9
"2020 - 22","E07000078",9.2128
"2021","E07000078",8.1
"2021 - 23","E07000078",11.81879
"2022","E07000078",11.5
"2022 - 24","E07000078",11.61209
"2023","E07000078",16
"2024","E07000078",7.85935
"2011","E07000079",12.5268
"2012","E07000079",14.2019
"2013","E07000079",12.4591
"2014","E07000079",15.1172
"2015","E07000079",14.1237
"2016","E07000079",5.8326
"2017","E07000079",9.8296
"2018","E07000079",12.2452908898373
"2019","E07000079",11.0486650363951
"2019 - 21","E07000079",9.36866
"2020","E07000079",10.7
"2020 - 22","E07000079",7.50882
"2021","E07000079",6.2
"2021 - 23","E07000079",6.81921
"2022","E07000079",5.7
"2022 - 24","E07000079",6.43666
"2023","E07000079",8.4
"2024","E07000079",5.07096
"2011","E07000080",17.5021
"2012","E07000080",17.3103
"2013","E07000080",20.1314
"2014","E07000080",20.6221
"2015","E07000080",20.2742
"2016","E07000080",17.2406
"2017","E07000080",15.2332
"2018","E07000080",10.8076379066478
"2019","E07000080",13.1526611528506
"2019 - 21","E07000080",13.8853
"2020","E07000080",14.2
"2020 - 22","E07000080",12.89318
"2021","E07000080",14.2
"2021 - 23","E07000080",11.91302
"2022","E07000080",10.2
"2022 - 24","E07000080",11.3134
"2023","E07000080",11.3
"2024","E07000080",12.39595
"2011","E07000081",23.1781
"2012","E07000081",17.8083
"2013","E07000081",22.4311
"2014","E07000081",23.1292
"2015","E07000081",18.7271
"2016","E07000081",16.834
"2017","E07000081",21.3334
"2018","E07000081",13.525550867323
"2019","E07000081",20.1489841026949
"2019 - 21","E07000081",19.35217
"2020","E07000081",19.9
"2020 - 22","E07000081",18.17282
"2021","E07000081",18.1
"2021 - 23","E07000081",13.25718
"2022","E07000081",16.6
"2022 - 24","E07000081",10.24273
"2023","E07000081",5.1
"2024","E07000081",9.20145
"2011","E07000082",20.4448
"2012","E07000082",18.1213
"2013","E07000082",11.6703
"2014","E07000082",10.0437
"2015","E07000082",10.41
"2016","E07000082",11.4172
"2017","E07000082",11.9749
"2018","E07000082",11.9065708418891
"2019","E07000082",9.63191536257439
"2019 - 21","E07000082",9.42381
"2020","E07000082",6.7
"2020 - 22","E07000082",8.83605
"2021","E07000082",12
"2021 - 23","E07000082",10.95111
"2022","E07000082",7.9
"2022 - 24","E07000082",9.88603
"2023","E07000082",12.9
"2024","E07000082",8.71767
"2011","E07000083",11.7182
"2012","E07000083",11.6558
"2013","E07000083",19.0468
"2014","E07000083",12.666
"2015","E07000083",14.7739
"2016","E07000083",11.5591
"2017","E07000083",15.8984
"2018","E07000083",13.92212965744
"2019","E07000083",12.2899902233587
"2019 - 21","E07000083",13.69666
"2020","E07000083",16.9
"2020 - 22","E07000083",12.43743
"2021","E07000083",11.8
"2021 - 23","E07000083",8.66437
"2022","E07000083",8.4
"2022 - 24","E07000083",6.81819
"2023","E07000083",5.9
"2024","E07000083",6.33591
"2011","E07000084",17.9468
"2012","E07000084",16.1229
"2013","E07000084",16.9775
"2014","E07000084",16.1334
"2015","E07000084",20.2445
"2016","E07000084",15.6419
"2017","E07000084",16.8886
"2018","E07000084",11.8550953470012
"2019","E07000084",7.72974815495961
"2019 - 21","E07000084",9.68438
"2020","E07000084",7.6
"2020 - 22","E07000084",10.4961
"2021","E07000084",13.5
"2021 - 23","E07000084",9.65603
"2022","E07000084",10.1
"2022 - 24","E07000084",8.7934
"2023","E07000084",5.7
"2024","E07000084",10.97081
"2011","E07000085",16.0495
"2012","E07000085",16.918
"2013","E07000085",18.3689
"2014","E07000085",17.5216
"2015","E07000085",12.742
"2016","E07000085",9.9391
"2017","E07000085",7.6974
"2018","E07000085",7.84135339160195
"2019","E07000085",5.62731689346319
"2019 - 21","E07000085",7.67381
"2020","E07000085",8.2
"2020 - 22","E07000085",8.63244
"2021","E07000085",9.4
"2021 - 23","E07000085",8.05922
"2022","E07000085",8.3
"2022 - 24","E07000085",7.77853
"2023","E07000085",6.5
"2024","E07000085",8.41879
"2011","E07000086",15.7829
"2012","E07000086",12.9872
"2013","E07000086",11.8182
"2014","E07000086",13.7364
"2015","E07000086",16.5169
"2016","E07000086",8.803
"2017","E07000086",13.8319
"2018","E07000086",10.6457678887814
"2019","E07000086",8.94638967111205
"2019 - 21","E07000086",8.76104
"2020","E07000086",8
"2020 - 22","E07000086",9.35438
"2021","E07000086",9.4
"2021 - 23","E07000086",9.15252
"2022","E07000086",10.6
"2022 - 24","E07000086",8.58228
"2023","E07000086",7.4
"2024","E07000086",7.60415
"2011","E07000087",12.4244
"2012","E07000087",17.2485
"2013","E07000087",10.1573
"2014","E07000087",10.1865
"2015","E07000087",7.692
"2016","E07000087",10.6817
"2017","E07000087",8.651
"2018","E07000087",11.508078994614
"2019","E07000087",11.2509795000126
"2019 - 21","E07000087",9.32397
"2020","E07000087",6.7
"2020 - 22","E07000087",9.25375
"2021","E07000087",10.3
"2021 - 23","E07000087",10.04865
"2022","E07000087",10.9
"2022 - 24","E07000087",8.61955
"2023","E07000087",9
"2024","E07000087",5.61618
"2011","E07000088",18.845
"2012","E07000088",25.7635
"2013","E07000088",21.2108
"2014","E07000088",13.4637
"2015","E07000088",15.826
"2016","E07000088",21.899
"2017","E07000088",19.6338
"2018","E07000088",15.033233706562
"2019","E07000088",18.1988862370724
"2019 - 21","E07000088",13.55587
"2020","E07000088",12.3
"2020 - 22","E07000088",12.82112
"2021","E07000088",10.3
"2021 - 23","E07000088",12.25413
"2022","E07000088",16.3
"2022 - 24","E07000088",13.12259
"2023","E07000088",10.6
"2024","E07000088",12.73771
"2011","E07000089",14.9327
"2012","E07000089",10.729
"2013","E07000089",10.897
"2014","E07000089",6.6919
"2015","E07000089",16.8947
"2016","E07000089",11.6973
"2017","E07000089",7.7941
"2018","E07000089",8.79197947050479
"2019","E07000089",3.41028154256937
"2019 - 21","E07000089",6.25058
"2020","E07000089",7.1
"2020 - 22","E07000089",8.17402
"2021","E07000089",8.1
"2021 - 23","E07000089",7.90726
"2022","E07000089",9.5
"2022 - 24","E07000089",5.95478
"2023","E07000089",6.4
"2024","E07000089",2.47895
"2011","E07000090",25.7828
"2012","E07000090",17.5607
"2013","E07000090",14.4144
"2014","E07000090",15.7819
"2015","E07000090",18.0519
"2016","E07000090",21.8586
"2017","E07000090",21.4367
"2018","E07000090",18.2823898233556
"2019","E07000090",16.2163019346654
"2019 - 21","E07000090",13.95659
"2020","E07000090",14.9
"2020 - 22","E07000090",11.61701
"2021","E07000090",10.4
"2021 - 23","E07000090",12.53864
"2022","E07000090",9.2
"2022 - 24","E07000090",11.61397
"2023","E07000090",17.8
"2024","E07000090",7.88132
"2011","E07000091",14.6659
"2012","E07000091",17.3566
"2013","E07000091",16.6755
"2014","E07000091",11.9963
"2015","E07000091",11.8298
"2016","E07000091",14.3803
"2017","E07000091",15.7017
"2018","E07000091",12.5895623353854
"2019","E07000091",8.11896918296302
"2019 - 21","E07000091",8.91262
"2020","E07000091",8.1
"2020 - 22","E07000091",8.26414
"2021","E07000091",10.5
"2021 - 23","E07000091",8.27783
"2022","E07000091",6.2
"2022 - 24","E07000091",7.71652
"2023","E07000091",8.1
"2024","E07000091",8.80637
"2011","E07000092",22.2827
"2012","E07000092",17.7859
"2013","E07000092",13.9266
"2014","E07000092",16.4883
"2015","E07000092",24.0013
"2016","E07000092",16.2153
"2017","E07000092",18.3898
"2018","E07000092",17.7080182747258
"2019","E07000092",16.4539428119125
"2019 - 21","E07000092",13.48855
"2020","E07000092",12.1
"2020 - 22","E07000092",13.63888
"2021","E07000092",11.9
"2021 - 23","E07000092",11.84164
"2022","E07000092",16.9
"2022 - 24","E07000092",9.49175
"2023","E07000092",7
"2024","E07000092",4.62813
"2011","E07000093",13.8486
"2012","E07000093",13.042
"2013","E07000093",11.79
"2014","E07000093",10.4364
"2015","E07000093",10.1848
"2016","E07000093",12.7635
"2017","E07000093",10.9564
"2018","E07000093",10.9180204004533
"2019","E07000093",9.17844591095883
"2019 - 21","E07000093",8.70822
"2020","E07000093",8
"2020 - 22","E07000093",7.87851
"2021","E07000093",8.9
"2021 - 23","E07000093",8.10118
"2022","E07000093",6.8
"2022 - 24","E07000093",7.3654
"2023","E07000093",8.6
"2024","E07000093",6.6158
"2011","E07000094",13.8917
"2012","E07000094",12.978
"2013","E07000094",7.1288
"2014","E07000094",8.5431
"2015","E07000094",11.1679
"2016","E07000094",7.4932
"2017","E07000094",15.5145
"2018","E07000094",10.9368606155786
"2019","E07000094",7.66081596160181
"2019 - 21","E07000094",6.3546
"2020","E07000094",5.9
"2020 - 22","E07000094",5.49404
"2021","E07000094",5.6
"2021 - 23","E07000094",6.5187
"2022","E07000094",5
"2022 - 24","E07000094",6.95571
"2023","E07000094",9.3
"2024","E07000094",6.76042
"2011","E07000095",24.8152
"2012","E07000095",17.3798
"2013","E07000095",18.3657
"2014","E07000095",17.8718
"2015","E07000095",16.1735
"2016","E07000095",16.4961
"2017","E07000095",20.5086
"2018","E07000095",18.2062905147207
"2019","E07000095",13.0487106858241
"2019 - 21","E07000095",13.84006
"2020","E07000095",15.9
"2020 - 22","E07000095",14.91844
"2021","E07000095",12.3
"2021 - 23","E07000095",13.41555
"2022","E07000095",16.3
"2022 - 24","E07000095",12.57075
"2023","E07000095",11.7
"2024","E07000095",9.783
"2011","E07000096",17.5891
"2012","E07000096",18.2376
"2013","E07000096",13.1617
"2014","E07000096",13.8798
"2015","E07000096",18.9629
"2016","E07000096",10.9906
"2017","E07000096",9.0859
"2018","E07000096",14.3068139858551
"2019","E07000096",11.4369093941078
"2019 - 21","E07000096",12.74327
"2020","E07000096",13.7
"2020 - 22","E07000096",12.24825
"2021","E07000096",13
"2021 - 23","E07000096",10.52556
"2022","E07000096",10.2
"2022 - 24","E07000096",8.33954
"2023","E07000096",8.2
"2024","E07000096",6.66698
"2011","E07000098",16.4721
"2012","E07000098",20.6618
"2013","E07000098",18.2619
"2014","E07000098",21.4598
"2015","E07000098",15.986
"2016","E07000098",16.3132
"2017","E07000098",17.6783
"2018","E07000098",11.1114262216046
"2019","E07000098",9.35011170152343
"2019 - 21","E07000098",11.59947
"2020","E07000098",12.7
"2020 - 22","E07000098",12.2038
"2021","E07000098",12.9
"2021 - 23","E07000098",9.947
"2022","E07000098",10.9
"2022 - 24","E07000098",9.92664
"2023","E07000098",6.3
"2024","E07000098",12.60304
"2011","E07000099",20.5972
"2012","E07000099",13.3879
"2013","E07000099",14.3079
"2014","E07000099",16.5942
"2015","E07000099",14.2149
"2016","E07000099",8.064
"2017","E07000099",10.9133
"2018","E07000099",8.78983481575604
"2019","E07000099",9.40973133805898
"2019 - 21","E07000099",10.05785
"2020","E07000099",12
"2020 - 22","E07000099",9.47632
"2021","E07000099",8.9
"2021 - 23","E07000099",9.82307
"2022","E07000099",7.6
"2022 - 24","E07000099",9.99757
"2023","E07000099",13
"2024","E07000099",9.24911
"2011","E07000102",20.2032
"2012","E07000102",19.4342
"2013","E07000102",15.6832
"2014","E07000102",12.6802
"2015","E07000102",13.7869
"2016","E07000102",18.5353
"2017","E07000102",11.7583
"2018","E07000102",14.653663415854
"2019","E07000102",12.266332888901
"2019 - 21","E07000102",9.55467
"2020","E07000102",6.1
"2020 - 22","E07000102",7.77216
"2021","E07000102",10.1
"2021 - 23","E07000102",7.87526
"2022","E07000102",7.1
"2022 - 24","E07000102",6.72976
"2023","E07000102",6.7
"2024","E07000102",6.46538
"2011","E07000103",18.8702
"2012","E07000103",14.3207
"2013","E07000103",13.507
"2014","E07000103",19.2764
"2015","E07000103",12.4513
"2016","E07000103",9.037
"2017","E07000103",13.2729
"2018","E07000103",7.37531400829829
"2019","E07000103",18.6279540465806
"2019 - 21","E07000103",14.36726
"2020","E07000103",15.2
"2020 - 22","E07000103",12.36066
"2021","E07000103",8.9
"2021 - 23","E07000103",9.32561
"2022","E07000103",12.7
"2022 - 24","E07000103",9.34545
"2023","E07000103",6.7
"2024","E07000103",8.98262
"2011","E07000105",18.7412
"2012","E07000105",15.5433
"2013","E07000105",21.9958
"2014","E07000105",26.26
"2015","E07000105",14.5279
"2016","E07000105",17.3701
"2017","E07000105",18.1007
"2018","E07000105",21.5474398813326
"2019","E07000105",10.0915963361466
"2019 - 21","E07000105",12.8061
"2020","E07000105",13.4
"2020 - 22","E07000105",13.72591
"2021","E07000105",15.6
"2021 - 23","E07000105",13.41031
"2022","E07000105",12.4
"2022 - 24","E07000105",10.52001
"2023","E07000105",12.5
"2024","E07000105",6.97382
"2011","E07000106",20.8601
"2012","E07000106",19.6302
"2013","E07000106",19.4718
"2014","E07000106",20.3977
"2015","E07000106",15.3304
"2016","E07000106",10.0648
"2017","E07000106",14.8449
"2018","E07000106",13.1897405909394
"2019","E07000106",8.37720043018056
"2019 - 21","E07000106",11.14217
"2020","E07000106",8.1
"2020 - 22","E07000106",11.82349
"2021","E07000106",17.4
"2021 - 23","E07000106",12.63907
"2022","E07000106",10.2
"2022 - 24","E07000106",10.37761
"2023","E07000106",10.5
"2024","E07000106",10.45788
"2011","E07000107",16.0743
"2012","E07000107",25.6521
"2013","E07000107",22.2653
"2014","E07000107",17.5351
"2015","E07000107",19.0287
"2016","E07000107",14.2826
"2017","E07000107",10.1856
"2018","E07000107",9.86886920980926
"2019","E07000107",26.3579311837265
"2019 - 21","E07000107",14.99472
"2020","E07000107",16.7
"2020 - 22","E07000107",10.32276
"2021","E07000107",4.7
"2021 - 23","E07000107",7.6786
"2022","E07000107",10.9
"2022 - 24","E07000107",10.66263
"2023","E07000107",7.7
"2024","E07000107",13.70877
"2011","E07000108",26.5536
"2012","E07000108",25.0813
"2013","E07000108",23.9022
"2014","E07000108",20.5162
"2015","E07000108",29.6908
"2016","E07000108",17.6922
"2017","E07000108",18.7379
"2018","E07000108",13.0536679582151
"2019","E07000108",15.9011336569874
"2019 - 21","E07000108",18.1875
"2020","E07000108",16.3
"2020 - 22","E07000108",16.11071
"2021","E07000108",22.8
"2021 - 23","E07000108",13.38612
"2022","E07000108",10.7
"2022 - 24","E07000108",8.45743
"2023","E07000108",8.5
"2024","E07000108",6.19543
"2011","E07000109",22.6277
"2012","E07000109",20.9581
"2013","E07000109",22.1798
"2014","E07000109",20.3074
"2015","E07000109",16.5105
"2016","E07000109",11.4793
"2017","E07000109",18.2717
"2018","E07000109",10.4895104895105
"2019","E07000109",10.7403126099412
"2019 - 21","E07000109",13.99502
"2020","E07000109",15.5
"2020 - 22","E07000109",12.86136
"2021","E07000109",15.8
"2021 - 23","E07000109",12.71677
"2022","E07000109",7.5
"2022 - 24","E07000109",12.00347
"2023","E07000109",14.4
"2024","E07000109",13.60851
"2011","E07000110",19.2399
"2012","E07000110",17.9788
"2013","E07000110",15.9442
"2014","E07000110",17.0698
"2015","E07000110",13.1684
"2016","E07000110",17.3826
"2017","E07000110",17.148
"2018","E07000110",12.3072193856512
"2019","E07000110",14.464483493958
"2019 - 21","E07000110",13.28947
"2020","E07000110",16.2
"2020 - 22","E07000110",10.85342
"2021","E07000110",9.8
"2021 - 23","E07000110",9.78448
"2022","E07000110",7.1
"2022 - 24","E07000110",11.47232
"2023","E07000110",12.6
"2024","E07000110",14.76119
"2011","E07000111",13.6521
"2012","E07000111",15.836
"2013","E07000111",14.5881
"2014","E07000111",6.4866
"2015","E07000111",15.5795
"2016","E07000111",8.2535
"2017","E07000111",11.9883
"2018","E07000111",8.32828623341599
"2019","E07000111",12.4630269034516
"2019 - 21","E07000111",9.67558
"2020","E07000111",11.7
"2020 - 22","E07000111",10.13565
"2021","E07000111",4.5
"2021 - 23","E07000111",7.74186
"2022","E07000111",13.9
"2022 - 24","E07000111",9.6139
"2023","E07000111",5.2
"2024","E07000111",10.29842
"2011","E07000112",21.85
"2012","E07000112",29.6464
"2013","E07000112",21.9766
"2014","E07000112",24.0454
"2015","E07000112",15.7566
"2016","E07000112",18.4403
"2017","E07000112",16.5367
"2018","E07000112",22.7869567323998
"2019","E07000112",14.1309947258678
"2019 - 21","E07000112",11.66918
"2020","E07000112",10.1
"2020 - 22","E07000112",12.84756
"2021","E07000112",10.8
"2021 - 23","E07000112",11.48882
"2022","E07000112",17.3
"2022 - 24","E07000112",10.77411
"2023","E07000112",5.8
"2024","E07000112",8.80043
"2011","E07000113",24.6105
"2012","E07000113",22.65
"2013","E07000113",18.7477
"2014","E07000113",19.1183
"2015","E07000113",18.1509
"2016","E07000113",20.2312
"2017","E07000113",17.8902
"2018","E07000113",21.3161263891023
"2019","E07000113",14.989381455908
"2019 - 21","E07000113",14.51495
"2020","E07000113",16.5
"2020 - 22","E07000113",12.94115
"2021","E07000113",12.1
"2021 - 23","E07000113",11.67266
"2022","E07000113",10.1
"2022 - 24","E07000113",12.6613
"2023","E07000113",12.6
"2024","E07000113",14.94322
"2011","E07000114",23.6779
"2012","E07000114",21.4111
"2013","E07000114",22.0552
"2014","E07000114",21.5358
"2015","E07000114",19.2325
"2016","E07000114",18.0965
"2017","E07000114",23.6723
"2018","E07000114",19.7079377319389
"2019","E07000114",20.992005342138
"2019 - 21","E07000114",17.92264
"2020","E07000114",16.7
"2020 - 22","E07000114",14.90023
"2021","E07000114",16
"2021 - 23","E07000114",13.99118
"2022","E07000114",11.7
"2022 - 24","E07000114",13.25234
"2023","E07000114",14.1
"2024","E07000114",13.77982
"2011","E07000115",14.4178
"2012","E07000115",19.3536
"2013","E07000115",14.5299
"2014","E07000115",15.5891
"2015","E07000115",14.1495
"2016","E07000115",17.0868
"2017","E07000115",11.5792
"2018","E07000115",12.249098260969
"2019","E07000115",9.34956976567699
"2019 - 21","E07000115",9.07949
"2020","E07000115",7.3
"2020 - 22","E07000115",8.00438
"2021","E07000115",10.6
"2021 - 23","E07000115",6.85251
"2022","E07000115",6
"2022 - 24","E07000115",5.71596
"2023","E07000115",3.6
"2024","E07000115",7.2858
"2011","E07000116",19.5209
"2012","E07000116",17.2378
"2013","E07000116",15.6678
"2014","E07000116",16.3395
"2015","E07000116",15.3207
"2016","E07000116",12.2295
"2017","E07000116",14.9951
"2018","E07000116",14.4573727707699
"2019","E07000116",8.03392673556626
"2019 - 21","E07000116",11.12964
"2020","E07000116",12.9
"2020 - 22","E07000116",11.79106
"2021","E07000116",12.2
"2021 - 23","E07000116",13.72979
"2022","E07000116",10.3
"2022 - 24","E07000116",12.02135
"2023","E07000116",18.3
"2024","E07000116",6.81614
"2011","E07000117",26.2865
"2012","E07000117",23.9812
"2013","E07000117",17.7346
"2014","E07000117",27.7309
"2015","E07000117",21.6346
"2016","E07000117",23.9649
"2017","E07000117",10.2659
"2018","E07000117",24.8422613414096
"2019","E07000117",21.5402522497481
"2019 - 21","E07000117",21.38526
"2020","E07000117",23
"2020 - 22","E07000117",18.96421
"2021","E07000117",19.8
"2021 - 23","E07000117",16.76217
"2022","E07000117",14.1
"2022 - 24","E07000117",12.9893
"2023","E07000117",16.1
"2024","E07000117",9.02125
"2011","E07000118",19.3563
"2012","E07000118",13.5133
"2013","E07000118",17.1992
"2014","E07000118",16.6732
"2015","E07000118",19.1345
"2016","E07000118",13.1823
"2017","E07000118",13.7062
"2018","E07000118",8.02249007441219
"2019","E07000118",16.5537050568167
"2019 - 21","E07000118",16.67949
"2020","E07000118",17.2
"2020 - 22","E07000118",15.72758
"2021","E07000118",16.3
"2021 - 23","E07000118",13.9795
"2022","E07000118",13.7
"2022 - 24","E07000118",11.03057
"2023","E07000118",12.2
"2024","E07000118",7.47587
"2011","E07000119",17.1149
"2012","E07000119",14.4225
"2013","E07000119",16.1227
"2014","E07000119",17.5909
"2015","E07000119",16.6233
"2016","E07000119",18.1612
"2017","E07000119",11.746
"2018","E07000119",12.6881285010461
"2019","E07000119",7.67902655594837
"2019 - 21","E07000119",6.89984
"2020","E07000119",4.1
"2020 - 22","E07000119",6.25823
"2021","E07000119",8.6
"2021 - 23","E07000119",7.32354
"2022","E07000119",5.8
"2022 - 24","E07000119",7.1905
"2023","E07000119",7.6
"2024","E07000119",8.21747
"2011","E07000120",23.4016
"2012","E07000120",27.849
"2013","E07000120",26.3302
"2014","E07000120",22.6943
"2015","E07000120",17.7346
"2016","E07000120",21.8732
"2017","E07000120",19.3696
"2018","E07000120",14.7013671910275
"2019","E07000120",12.1414155975205
"2019 - 21","E07000120",12.90869
"2020","E07000120",8.8
"2020 - 22","E07000120",12.0143
"2021","E07000120",18.1
"2021 - 23","E07000120",12.03975
"2022","E07000120",9.6
"2022 - 24","E07000120",10.23283
"2023","E07000120",8.4
"2024","E07000120",13.02318
"2011","E07000121",26.506
"2012","E07000121",23.1364
"2013","E07000121",20.2388
"2014","E07000121",19.3821
"2015","E07000121",19.4471
"2016","E07000121",14.725
"2017","E07000121",19.3469
"2018","E07000121",14.8547062843502
"2019","E07000121",11.1976557330561
"2019 - 21","E07000121",12.34487
"2020","E07000121",13
"2020 - 22","E07000121",14.88494
"2021","E07000121",12.9
"2021 - 23","E07000121",14.18553
"2022","E07000121",18.7
"2022 - 24","E07000121",12.56781
"2023","E07000121",11.3
"2024","E07000121",8.09323
"2011","E07000122",18.9562
"2012","E07000122",25.4863
"2013","E07000122",19.2313
"2014","E07000122",20.4944
"2015","E07000122",20.7857
"2016","E07000122",11.9461
"2017","E07000122",20.2461
"2018","E07000122",13.8943775821807
"2019","E07000122",17.4210468110653
"2019 - 21","E07000122",14.16187
"2020","E07000122",14.4
"2020 - 22","E07000122",11.74868
"2021","E07000122",10.8
"2021 - 23","E07000122",11.02714
"2022","E07000122",10.2
"2022 - 24","E07000122",14.14284
"2023","E07000122",12.1
"2024","E07000122",20.12014
"2011","E07000123",22.6578
"2012","E07000123",18.2539
"2013","E07000123",25.9685
"2014","E07000123",26.6544
"2015","E07000123",19.1658
"2016","E07000123",17.9837
"2017","E07000123",20.168
"2018","E07000123",17.2671357674227
"2019","E07000123",15.3232179547969
"2019 - 21","E07000123",12.99529
"2020","E07000123",12.4
"2020 - 22","E07000123",12.87657
"2021","E07000123",11.2
"2021 - 23","E07000123",15.00137
"2022","E07000123",14.9
"2022 - 24","E07000123",15.87212
"2023","E07000123",18.9
"2024","E07000123",13.87565
"2011","E07000124",12.6794
"2012","E07000124",15.202
"2013","E07000124",17.8334
"2014","E07000124",11.8808
"2015","E07000124",10.8127
"2016","E07000124",7.3026
"2017","E07000124",6.9965
"2018","E07000124",8.31533001190424
"2019","E07000124",5.13432170326608
"2019 - 21","E07000124",11.03802
"2020","E07000124",11.7
"2020 - 22","E07000124",9.70938
"2021","E07000124",16.3
"2021 - 23","E07000124",5.46409
"2022","E07000124",5.46409
"2022 - 24","E07000124",5.46409
"2023","E07000124",5.46409
"2024","E07000124",3.54497
"2011","E07000125",23.789
"2012","E07000125",20.2726
"2013","E07000125",17.8663
"2014","E07000125",23.9589
"2015","E07000125",21.7912
"2016","E07000125",25.4314
"2017","E07000125",14.8814
"2018","E07000125",18.6826395288273
"2019","E07000125",11.9734418331613
"2019 - 21","E07000125",15.84462
"2020","E07000125",16.3
"2020 - 22","E07000125",17.56888
"2021","E07000125",19
"2021 - 23","E07000125",18.96191
"2022","E07000125",17.2
"2022 - 24","E07000125",15.17387
"2023","E07000125",20.6
"2024","E07000125",8.20799
"2011","E07000126",17.7578
"2012","E07000126",18.2685
"2013","E07000126",19.765
"2014","E07000126",15.2914
"2015","E07000126",16.1464
"2016","E07000126",7.7332
"2017","E07000126",10.5736
"2018","E07000126",10.3143238504017
"2019","E07000126",10.873978768162
"2019 - 21","E07000126",12.28687
"2020","E07000126",12.7
"2020 - 22","E07000126",12.8083
"2021","E07000126",13.3
"2021 - 23","E07000126",12.13494
"2022","E07000126",12.4
"2022 - 24","E07000126",10.29684
"2023","E07000126",10.5
"2024","E07000126",7.93967
"2011","E07000127",17.3027
"2012","E07000127",19.6599
"2013","E07000127",19.4132
"2014","E07000127",13.1275
"2015","E07000127",19.1317
"2016","E07000127",16.4677
"2017","E07000127",13.6616
"2018","E07000127",14.1488441092842
"2019","E07000127",19.190261250171
"2019 - 21","E07000127",17.13606
"2020","E07000127",20.5
"2020 - 22","E07000127",14.35682
"2021","E07000127",11.4
"2021 - 23","E07000127",9.9947
"2022","E07000127",10.5
"2022 - 24","E07000127",7.86514
"2023","E07000127",8.4
"2024","E07000127",5.27342
"2011","E07000128",16.2327
"2012","E07000128",20.271
"2013","E07000128",13.1209
"2014","E07000128",15.4948
"2015","E07000128",14.2063
"2016","E07000128",16.1748
"2017","E07000128",11.1808
"2018","E07000128",13.1032458479074
"2019","E07000128",14.0336278420911
"2019 - 21","E07000128",10.98347
"2020","E07000128",7.9
"2020 - 22","E07000128",9.80746
"2021","E07000128",10.7
"2021 - 23","E07000128",9.4237
"2022","E07000128",10.7
"2022 - 24","E07000128",8.85461
"2023","E07000128",7
"2024","E07000128",8.92642
"2011","E07000129",18.0398
"2012","E07000129",20.2978
"2013","E07000129",17.9287
"2014","E07000129",16.0396
"2015","E07000129",15.5131
"2016","E07000129",20.2877
"2017","E07000129",12.5009
"2018","E07000129",11.440231890746
"2019","E07000129",10.9334363714723
"2019 - 21","E07000129",10.06479
"2020","E07000129",8.4
"2020 - 22","E07000129",9.9577
"2021","E07000129",11.1
"2021 - 23","E07000129",10.70517
"2022","E07000129",10.6
"2022 - 24","E07000129",9.40511
"2023","E07000129",10.5
"2024","E07000129",7.25252
"2011","E07000130",18.6659
"2012","E07000130",20.7093
"2013","E07000130",15.5127
"2014","E07000130",17.4588
"2015","E07000130",18.0175
"2016","E07000130",10.4724
"2017","E07000130",13.4566
"2018","E07000130",12.8088114950494
"2019","E07000130",11.9892958040446
"2019 - 21","E07000130",14.59348
"2020","E07000130",17.7
"2020 - 22","E07000130",12.64581
"2021","E07000130",14.3
"2021 - 23","E07000130",8.6933
"2022","E07000130",6.1
"2022 - 24","E07000130",5.40805
"2023","E07000130",5.8
"2024","E07000130",4.39798
"2011","E07000131",9.6269
"2012","E07000131",16.1824
"2013","E07000131",14.0735
"2014","E07000131",14.718
"2015","E07000131",10.5445
"2016","E07000131",11.1843
"2017","E07000131",10.5527
"2018","E07000131",8.22044960116026
"2019","E07000131",8.57400045007876
"2019 - 21","E07000131",8.37998
"2020","E07000131",7.1
"2020 - 22","E07000131",7.38657
"2021","E07000131",9.4
"2021 - 23","E07000131",8.04483
"2022","E07000131",5.7
"2022 - 24","E07000131",9.03914
"2023","E07000131",9.2
"2024","E07000131",12.07118
"2011","E07000132",24.0927
"2012","E07000132",22.1263
"2013","E07000132",18.0554
"2014","E07000132",18.0276
"2015","E07000132",23.5078
"2016","E07000132",11.596
"2017","E07000132",11.9066
"2018","E07000132",15.0362063290544
"2019","E07000132",10.4091470364742
"2019 - 21","E07000132",7.98061
"2020","E07000132",6.6
"2020 - 22","E07000132",7.81814
"2021","E07000132",6.8
"2021 - 23","E07000132",8.36701
"2022","E07000132",10
"2022 - 24","E07000132",8.99138
"2023","E07000132",8.3
"2024","E07000132",8.70598
"2011","E07000133",10.8837
"2012","E07000133",16.5098
"2013","E07000133",19.1743
"2014","E07000133",19.4959
"2015","E07000133",14.1758
"2016","E07000133",10.5037
"2017","E07000133",14.6932
"2018","E07000133",17.3481667691814
"2019","E07000133",20.9110201606791
"2019 - 21","E07000133",13.70791
"2020","E07000133",8.7
"2020 - 22","E07000133",9.63679
"2021","E07000133",10.3
"2021 - 23","E07000133",9.70914
"2022","E07000133",9.8
"2022 - 24","E07000133",8.13006
"2023","E07000133",8.9
"2024","E07000133",5.97571
"2011","E07000134",21.8396
"2012","E07000134",18.3877
"2013","E07000134",18.1433
"2014","E07000134",17.4442
"2015","E07000134",22.0577
"2016","E07000134",19.0407
"2017","E07000134",12.0078
"2018","E07000134",19.2523192798751
"2019","E07000134",14.0725993762028
"2019 - 21","E07000134",10.8702
"2020","E07000134",6.4
"2020 - 22","E07000134",10.01097
"2021","E07000134",12.2
"2021 - 23","E07000134",10.92788
"2022","E07000134",11.6
"2022 - 24","E07000134",9.37683
"2023","E07000134",9.3
"2024","E07000134",7.37508
"2011","E07000135",14.8396
"2012","E07000135",17.9242
"2013","E07000135",20.784
"2014","E07000135",12.0129
"2015","E07000135",13.0126
"2016","E07000135",11.0936
"2017","E07000135",7.4583
"2018","E07000135",6.3325291202947
"2019","E07000135",9.97093452879452
"2019 - 21","E07000135",8.1406
"2020","E07000135",12.4
"2020 - 22","E07000135",7.11261
"2021","E07000135",2.9
"2021 - 23","E07000135",8.58002
"2022","E07000135",6.9
"2022 - 24","E07000135",10.73887
"2023","E07000135",16.3
"2024","E07000135",8.68718
"2011","E07000136",29.5437
"2012","E07000136",18.9061
"2013","E07000136",24.7432
"2014","E07000136",17.5605
"2015","E07000136",23.2906
"2016","E07000136",24.9094
"2017","E07000136",20.5324
"2018","E07000136",22.4096851052869
"2019","E07000136",18.4382400122221
"2019 - 21","E07000136",12.39084
"2020","E07000136",7.5
"2020 - 22","E07000136",13.1815
"2021","E07000136",10.8
"2021 - 23","E07000136",17.86856
"2022","E07000136",21.1
"2022 - 24","E07000136",20.81945
"2023","E07000136",21.8
"2024","E07000136",19.63181
"2011","E07000137",17.5212
"2012","E07000137",24.1567
"2013","E07000137",22.8959
"2014","E07000137",19.7047
"2015","E07000137",20.4771
"2016","E07000137",18.4259
"2017","E07000137",16.8407
"2018","E07000137",16.6129822182037
"2019","E07000137",14.926793027217
"2019 - 21","E07000137",13.70476
"2020","E07000137",14.1
"2020 - 22","E07000137",14.34945
"2021","E07000137",11.8
"2021 - 23","E07000137",13.82107
"2022","E07000137",16.9
"2022 - 24","E07000137",14.05074
"2023","E07000137",12.7
"2024","E07000137",12.86292
"2011","E07000138",27.7647
"2012","E07000138",28.1434
"2013","E07000138",19.1801
"2014","E07000138",17.8111
"2015","E07000138",19.8297
"2016","E07000138",21.0117
"2017","E07000138",17.6183
"2018","E07000138",26.1497745010667
"2019","E07000138",24.8364332447644
"2019 - 21","E07000138",18.31275
"2020","E07000138",16.4
"2020 - 22","E07000138",17.18518
"2021","E07000138",14
"2021 - 23","E07000138",13.40769
"2022","E07000138",21.6
"2022 - 24","E07000138",15.049
"2023","E07000138",6
"2024","E07000138",19.07102
"2011","E07000139",18.0944
"2012","E07000139",17.6819
"2013","E07000139",18.5306
"2014","E07000139",12.7239
"2015","E07000139",11.7307
"2016","E07000139",11.063
"2017","E07000139",15.6975
"2018","E07000139",13.6177368126051
"2019","E07000139",9.30866509428372
"2019 - 21","E07000139",12.18414
"2020","E07000139",12.6
"2020 - 22","E07000139",11.42355
"2021","E07000139",14.8
"2021 - 23","E07000139",8.7629
"2022","E07000139",7.5
"2022 - 24","E07000139",7.54163
"2023","E07000139",4.7
"2024","E07000139",10.52587
"2011","E07000140",17.2926
"2012","E07000140",14.8156
"2013","E07000140",24.5869
"2014","E07000140",24.0032
"2015","E07000140",16.6921
"2016","E07000140",19.0296
"2017","E07000140",15.5916
"2018","E07000140",19.1041593644117
"2019","E07000140",19.531808908084
"2019 - 21","E07000140",18.46162
"2020","E07000140",18.1
"2020 - 22","E07000140",17.07549
"2021","E07000140",17.7
"2021 - 23","E07000140",19.28108
"2022","E07000140",15.5
"2022 - 24","E07000140",19.57881
"2023","E07000140",24.9
"2024","E07000140",18.50717
"2011","E07000141",17.8775
"2012","E07000141",13.26
"2013","E07000141",16.2956
"2014","E07000141",12.6663
"2015","E07000141",12.2758
"2016","E07000141",15.9776
"2017","E07000141",14.4532
"2018","E07000141",15.8488705119208
"2019","E07000141",9.56273334087567
"2019 - 21","E07000141",8.5901
"2020","E07000141",9.9
"2020 - 22","E07000141",9.26944
"2021","E07000141",6.5
"2021 - 23","E07000141",9.00483
"2022","E07000141",11.5
"2022 - 24","E07000141",10.94514
"2023","E07000141",9
"2024","E07000141",12.02006
"2011","E07000142",16.5369
"2012","E07000142",17.3183
"2013","E07000142",15.4972
"2014","E07000142",12.0086
"2015","E07000142",18.8957
"2016","E07000142",17.9796
"2017","E07000142",15.3952
"2018","E07000142",13.2896094725979
"2019","E07000142",15.4948947697437
"2019 - 21","E07000142",13.65872
"2020","E07000142",11.5
"2020 - 22","E07000142",12.94239
"2021","E07000142",13.8
"2021 - 23","E07000142",16.64515
"2022","E07000142",13.5
"2022 - 24","E07000142",16.52832
"2023","E07000142",22.4
"2024","E07000142",13.48889
"2011","E07000143",19.1522
"2012","E07000143",14.8096
"2013","E07000143",16.9225
"2014","E07000143",18.8078
"2015","E07000143",15.7683
"2016","E07000143",11.9304
"2017","E07000143",17.6283
"2018","E07000143",16.1180011811549
"2019","E07000143",12.7247953569163
"2019 - 21","E07000143",13.53617
"2020","E07000143",13.9
"2020 - 22","E07000143",12.95965
"2021","E07000143",13.9
"2021 - 23","E07000143",11.30117
"2022","E07000143",11.1
"2022 - 24","E07000143",8.57445
"2023","E07000143",8.9
"2024","E07000143",5.76099
"2011","E07000144",15.8394
"2012","E07000144",15.6465
"2013","E07000144",10.4005
"2014","E07000144",13.7095
"2015","E07000144",12.7933
"2016","E07000144",8.2284
"2017","E07000144",9.4201
"2018","E07000144",7.35629413123613
"2019","E07000144",12.8036462427976
"2019 - 21","E07000144",12.02259
"2020","E07000144",9.6
"2020 - 22","E07000144",10.24987
"2021","E07000144",13.7
"2021 - 23","E07000144",10.40194
"2022","E07000144",7.4
"2022 - 24","E07000144",8.42158
"2023","E07000144",10
"2024","E07000144",7.92012
"2011","E07000145",22.3285
"2012","E07000145",22.7352
"2013","E07000145",18.5451
"2014","E07000145",19.1778
"2015","E07000145",24.1092
"2016","E07000145",15.6762
"2017","E07000145",15.1257
"2018","E07000145",20.5620365713173
"2019","E07000145",23.3798644103988
"2019 - 21","E07000145",17.99927
"2020","E07000145",17.6
"2020 - 22","E07000145",15.40155
"2021","E07000145",12.5
"2021 - 23","E07000145",13.13852
"2022","E07000145",16.1
"2022 - 24","E07000145",11.92523
"2023","E07000145",10.4
"2024","E07000145",8.42637
"2011","E07000146",22.5944
"2012","E07000146",21.204
"2013","E07000146",15.4038
"2014","E07000146",16.2307
"2015","E07000146",17.5089
"2016","E07000146",15.4937
"2017","E07000146",15.4661
"2018","E07000146",16.4162167738386
"2019","E07000146",14.6713786068202
"2019 - 21","E07000146",15.50728
"2020","E07000146",13.4
"2020 - 22","E07000146",15.71276
"2021","E07000146",18.3
"2021 - 23","E07000146",16.70874
"2022","E07000146",15.3
"2022 - 24","E07000146",14.00122
"2023","E07000146",16.6
"2024","E07000146",10.41416
"2011","E07000147",14.1627
"2012","E07000147",15.8994
"2013","E07000147",13.3557
"2014","E07000147",14.0532
"2015","E07000147",12.2593
"2016","E07000147",8.4929
"2017","E07000147",10.4849
"2018","E07000147",13.1852643856921
"2019","E07000147",13.1341038090679
"2019 - 21","E07000147",12.85308
"2020","E07000147",13.4
"2020 - 22","E07000147",13.16793
"2021","E07000147",12.1
"2021 - 23","E07000147",10.67935
"2022","E07000147",14.1
"2022 - 24","E07000147",8.37908
"2023","E07000147",6.1
"2024","E07000147",5.23224
"2011","E07000148",25.3069
"2012","E07000148",23.2152
"2013","E07000148",27.4113
"2014","E07000148",25.3361
"2015","E07000148",18.8682
"2016","E07000148",21.4358
"2017","E07000148",16.0521
"2018","E07000148",19.2315479920937
"2019","E07000148",12.8629467729493
"2019 - 21","E07000148",15.82221
"2020","E07000148",15.6
"2020 - 22","E07000148",15.57323
"2021","E07000148",18.7
"2021 - 23","E07000148",15.17643
"2022","E07000148",12.3
"2022 - 24","E07000148",13.83758
"2023","E07000148",14.5
"2024","E07000148",14.59456
"2011","E07000149",14.3229
"2012","E07000149",17.1735
"2013","E07000149",18.82
"2014","E07000149",10.4837
"2015","E07000149",10.2525
"2016","E07000149",11.7305
"2017","E07000149",11.4497
"2018","E07000149",8.60754194120755
"2019","E07000149",13.9185059743995
"2019 - 21","E07000149",12.66658
"2020","E07000149",13.1
"2020 - 22","E07000149",10.81534
"2021","E07000149",10.9
"2021 - 23","E07000149",10.0425
"2022","E07000149",8.4
"2022 - 24","E07000149",8.70935
"2023","E07000149",10.7
"2024","E07000149",6.90558
"2011","E07000150",28.6527
"2012","E07000150",21.5451
"2013","E07000150",18.9157
"2014","E07000150",29.7755
"2015","E07000150",32.2868
"2016","E07000150",20.0008
"2017","E07000150",15.9763
"2018","E07000150",19.6971350018547
"2019","E07000150",27.5159488753008
"2020","E07000150",22.6
"2021","E07000150",22.4
"2022","E07000150",22.4
"2023","E07000150",22.4
"2024","E07000150",22.4
"2011","E07000151",17.6376
"2012","E07000151",20.2493
"2013","E07000151",9.3702
"2014","E07000151",11.7938
"2015","E07000151",13.5272
"2016","E07000151",19.0746
"2017","E07000151",12.8237
"2018","E07000151",16.075803429889
"2019","E07000151",14.0056487788669
"2020","E07000151",10.5
"2021","E07000151",9.5
"2022","E07000151",9.5
"2023","E07000151",9.5
"2024","E07000151",9.5
"2011","E07000152",27.8507
"2012","E07000152",18.931
"2013","E07000152",16.6358
"2014","E07000152",18.3037
"2015","E07000152",21.6324
"2016","E07000152",20.2666
"2017","E07000152",14.4481
"2018","E07000152",9.88147109905847
"2019","E07000152",17.1823426422893
"2020","E07000152",14.2
"2021","E07000152",11.5
"2022","E07000152",11.5
"2023","E07000152",11.5
"2024","E07000152",11.5
"2011","E07000153",24.5775
"2012","E07000153",19.2894
"2013","E07000153",13.125
"2014","E07000153",14.2488
"2015","E07000153",19.0111
"2016","E07000153",13.1537
"2017","E07000153",18.5155
"2018","E07000153",16.47360860662
"2019","E07000153",9.14148050810337
"2020","E07000153",13.6
"2021","E07000153",13.6
"2022","E07000153",13.6
"2023","E07000153",13.6
"2024","E07000153",13.6
"2011","E07000154",22.7449
"2012","E07000154",21.8317
"2013","E07000154",20.6992
"2014","E07000154",24.374
"2015","E07000154",18.7417
"2016","E07000154",17.9569
"2017","E07000154",21.4601
"2018","E07000154",17.1875959891059
"2019","E07000154",18.7719809699849
"2020","E07000154",12.7
"2021","E07000154",11.5
"2022","E07000154",11.5
"2023","E07000154",11.5
"2024","E07000154",11.5
"2011","E07000155",10.7678
"2012","E07000155",12.3143
"2013","E07000155",8.3857
"2014","E07000155",10.4391
"2015","E07000155",12.1802
"2016","E07000155",7.9838
"2017","E07000155",9.1779
"2018","E07000155",7.16621062232512
"2019","E07000155",6.72017191137448
"2020","E07000155",8.5
"2021","E07000155",10.1
"2022","E07000155",10.1
"2023","E07000155",10.1
"2024","E07000155",10.1
"2011","E07000156",21.4283
"2012","E07000156",28.448
"2013","E07000156",20.3409
"2014","E07000156",15.9398
"2015","E07000156",18.2627
"2016","E07000156",15.2303
"2017","E07000156",10.0931
"2018","E07000156",19.8711253518384
"2019","E07000156",21.0010791068316
"2020","E07000156",9.7
"2021","E07000156",15.8
"2022","E07000156",15.8
"2023","E07000156",15.8
"2024","E07000156",15.8
"2011","E07000163",10.6033
"2012","E07000163",11.6068
"2013","E07000163",17.1598
"2014","E07000163",13.3947
"2015","E07000163",14.6168
"2016","E07000163",10.1449
"2017","E07000163",7.3582
"2018","E07000163",12.7932249119388
"2019","E07000163",13.7779368894799
"2020","E07000163",7.8
"2021","E07000163",8.6
"2022","E07000163",4.5
"2023","E07000163",5.5
"2024","E07000163",5.99727
"2011","E07000164",15.3202
"2012","E07000164",21.8551
"2013","E07000164",12.9807
"2014","E07000164",15.4748
"2015","E07000164",17.2402
"2016","E07000164",13.169
"2017","E07000164",16.9837
"2018","E07000164",13.5058650403973
"2019","E07000164",8.42277251469001
"2020","E07000164",9.1
"2021","E07000164",9.8
"2022","E07000164",8.1
"2023","E07000164",11.7
"2024","E07000164",11.61624
"2011","E07000165",17.4073
"2012","E07000165",19.9654
"2013","E07000165",12.6526
"2014","E07000165",11.234
"2015","E07000165",10.1199
"2016","E07000165",13.1922
"2017","E07000165",18.9035
"2018","E07000165",13.9517833268642
"2019","E07000165",14.4013804088134
"2020","E07000165",8.6
"2021","E07000165",8.2
"2022","E07000165",8.9
"2023","E07000165",7.4
"2024","E07000165",8.1498
"2011","E07000166",22.9953
"2012","E07000166",19.4289
"2013","E07000166",17.2235
"2014","E07000166",24.1257
"2015","E07000166",10.5671
"2016","E07000166",14.1985
"2017","E07000166",14.2805
"2018","E07000166",6.31022151584385
"2019","E07000166",9.77759696229997
"2020","E07000166",13.9
"2021","E07000166",10
"2022","E07000166",6.6
"2023","E07000166",7
"2024","E07000166",16.14714
"2011","E07000167",21.3742
"2012","E07000167",22.1848
"2013","E07000167",14.7083
"2014","E07000167",11.8398
"2015","E07000167",12.566
"2016","E07000167",14.9629
"2017","E07000167",14.4301
"2018","E07000167",14.5578406169666
"2019","E07000167",10.4422375462606
"2020","E07000167",10.4422375462606
"2021","E07000167",13.5
"2022","E07000167",13.7
"2023","E07000167",14.9
"2024","E07000167",8.33517
"2011","E07000168",21.129
"2012","E07000168",24.5604
"2013","E07000168",21.9745
"2014","E07000168",19.4996
"2015","E07000168",12.8447
"2016","E07000168",13.8327
"2017","E07000168",17.8947
"2018","E07000168",13.5756872262966
"2019","E07000168",13.6083705537654
"2020","E07000168",13.9
"2021","E07000168",14.6
"2022","E07000168",8.8
"2023","E07000168",13.1
"2024","E07000168",12.98875
"2011","E07000169",15.6087
"2012","E07000169",13.1683
"2013","E07000169",11.9623
"2014","E07000169",19.2341
"2015","E07000169",15.8523
"2016","E07000169",12.3244
"2017","E07000169",13.4627
"2018","E07000169",6.80820472031448
"2019","E07000169",9.92059175459589
"2020","E07000169",13.5
"2021","E07000169",8.1
"2022","E07000169",9.7
"2023","E07000169",5.1
"2024","E07000169",2.85697
"2011","E07000170",27.8371
"2012","E07000170",25.5152
"2013","E07000170",18.9355
"2014","E07000170",19.6572
"2015","E07000170",17.4075
"2016","E07000170",21.1089
"2017","E07000170",15.7443
"2018","E07000170",16.5779397730278
"2019","E07000170",19.8232169197156
"2019 - 21","E07000170",13.90693
"2020","E07000170",12.7
"2020 - 22","E07000170",10.72058
"2021","E07000170",9.6
"2021 - 23","E07000170",8.83589
"2022","E07000170",10.2
"2022 - 24","E07000170",10.65207
"2023","E07000170",6.5
"2024","E07000170",15.22351
"2011","E07000171",15.9342
"2012","E07000171",18.9539
"2013","E07000171",22.7873
"2014","E07000171",16.2697
"2015","E07000171",23.5791
"2016","E07000171",14.8646
"2017","E07000171",19.5562
"2018","E07000171",18.5983408639939
"2019","E07000171",15.6844727105651
"2019 - 21","E07000171",12.87186
"2020","E07000171",11.7
"2020 - 22","E07000171",11.53355
"2021","E07000171",11.4
"2021 - 23","E07000171",8.91831
"2022","E07000171",11.5
"2022 - 24","E07000171",9.18654
"2023","E07000171",4.4
"2024","E07000171",12.21924
"2011","E07000172",14.8457
"2012","E07000172",18.5816
"2013","E07000172",17.4411
"2014","E07000172",14.9169
"2015","E07000172",12.0475
"2016","E07000172",16.54
"2017","E07000172",18.6838
"2018","E07000172",13.4437869822485
"2019","E07000172",10.4688609392433
"2019 - 21","E07000172",13.75551
"2020","E07000172",13.6
"2020 - 22","E07000172",13.87225
"2021","E07000172",17.1
"2021 - 23","E07000172",13.84907
"2022","E07000172",11.2
"2022 - 24","E07000172",9.6212
"2023","E07000172",13.6
"2024","E07000172",4.42287
"2011","E07000173",15.6645
"2012","E07000173",15.4887
"2013","E07000173",16.8328
"2014","E07000173",19.0464
"2015","E07000173",17.4244
"2016","E07000173",12.0681
"2017","E07000173",12.6062
"2018","E07000173",15.2227008849123
"2019","E07000173",14.1798967043191
"2019 - 21","E07000173",12.51316
"2020","E07000173",14.2
"2020 - 22","E07000173",11.32695
"2021","E07000173",9.2
"2021 - 23","E07000173",10.60564
"2022","E07000173",10.6
"2022 - 24","E07000173",9.23244
"2023","E07000173",12
"2024","E07000173",5.52372
"2011","E07000174",27.5675
"2012","E07000174",24.4695
"2013","E07000174",24.7947
"2014","E07000174",18.7851
"2015","E07000174",15.6221
"2016","E07000174",20.9285
"2017","E07000174",18.6172
"2018","E07000174",23.0701928348946
"2019","E07000174",18.796755558149
"2019 - 21","E07000174",20.83237
"2020","E07000174",20.9
"2020 - 22","E07000174",21.15229
"2021","E07000174",23
"2021 - 23","E07000174",18.14143
"2022","E07000174",19.6
"2022 - 24","E07000174",15.60489
"2023","E07000174",12.5
"2024","E07000174",15.05988
"2011","E07000175",19.5668
"2012","E07000175",18.4851
"2013","E07000175",19.171
"2014","E07000175",20.9486
"2015","E07000175",17.0741
"2016","E07000175",16.3479
"2017","E07000175",12.1723
"2018","E07000175",16.4996706306556
"2019","E07000175",15.359477124183
"2019 - 21","E07000175",12.39996
"2020","E07000175",11.3
"2020 - 22","E07000175",11.96454
"2021","E07000175",10.5
"2021 - 23","E07000175",11.35297
"2022","E07000175",14.2
"2022 - 24","E07000175",11.49082
"2023","E07000175",9.7
"2024","E07000175",10.86014
"2011","E07000176",13.2036
"2012","E07000176",13.8465
"2013","E07000176",10.8943
"2014","E07000176",10.1085
"2015","E07000176",7.4672
"2016","E07000176",8.6454
"2017","E07000176",9.7122
"2018","E07000176",3.58469200141245
"2019","E07000176",5.90924638011629
"2019 - 21","E07000176",6.27573
"2020","E07000176",5.5
"2020 - 22","E07000176",5.53423
"2021","E07000176",7.5
"2021 - 23","E07000176",6.30177
"2022","E07000176",3.6
"2022 - 24","E07000176",6.81552
"2023","E07000176",7.8
"2024","E07000176",8.98132
"2011","E07000177",21.4191
"2012","E07000177",16.9233
"2013","E07000177",15.4899
"2014","E07000177",13.2086
"2015","E07000177",20.5164
"2016","E07000177",9.4732
"2017","E07000177",11.5754
"2018","E07000177",11.389255157782
"2019","E07000177",11.7817909932708
"2019 - 21","E07000177",11.44497
"2020","E07000177",10.9
"2020 - 22","E07000177",11.59901
"2021","E07000177",11.7
"2021 - 23","E07000177",13.63448
"2022","E07000177",12.3
"2022 - 24","E07000177",11.46928
"2023","E07000177",16.5
"2024","E07000177",5.63262
"2011","E07000178",21.1235
"2012","E07000178",16.286
"2013","E07000178",17.0975
"2014","E07000178",13.448
"2015","E07000178",13.6723
"2016","E07000178",10.7245
"2017","E07000178",9.0048
"2018","E07000178",8.30685134571733
"2019","E07000178",13.470949629359
"2019 - 21","E07000178",12.10134
"2020","E07000178",11.8
"2020 - 22","E07000178",9.84536
"2021","E07000178",11.1
"2021 - 23","E07000178",8.39156
"2022","E07000178",6.7
"2022 - 24","E07000178",7.98219
"2023","E07000178",7.3
"2024","E07000178",9.86246
"2011","E07000179",14.5184
"2012","E07000179",11.9142
"2013","E07000179",12.5907
"2014","E07000179",13.461
"2015","E07000179",9.5067
"2016","E07000179",10.6625
"2017","E07000179",10.3609
"2018","E07000179",13.3819336312714
"2019","E07000179",12.4457407064194
"2019 - 21","E07000179",12.49663
"2020","E07000179",16.5
"2020 - 22","E07000179",12.32699
"2021","E07000179",8.5
"2021 - 23","E07000179",8.81055
"2022","E07000179",11.9
"2022 - 24","E07000179",7.90442
"2023","E07000179",6.3
"2024","E07000179",5.84924
"2011","E07000180",8.9443
"2012","E07000180",10.09
"2013","E07000180",14.4599
"2014","E07000180",14.7649
"2015","E07000180",18.1021
"2016","E07000180",14.9985
"2017","E07000180",9.7266
"2018","E07000180",6.82241300439366
"2019","E07000180",11.5798385731219
"2019 - 21","E07000180",10.93266
"2020","E07000180",9.4
"2020 - 22","E07000180",9.65402
"2021","E07000180",11.8
"2021 - 23","E07000180",6.76303
"2022","E07000180",7.7
"2022 - 24","E07000180",5.33033
"2023","E07000180",1.9
"2024","E07000180",7.03019
"2011","E07000181",13.8142
"2012","E07000181",13.4176
"2013","E07000181",15.7267
"2014","E07000181",12.2116
"2015","E07000181",16.5363
"2016","E07000181",14.7635
"2017","E07000181",13.6866
"2018","E07000181",10.6995400857113
"2019","E07000181",10.2588399581068
"2019 - 21","E07000181",8.11152
"2020","E07000181",11.2
"2020 - 22","E07000181",8.90817
"2021","E07000181",3.6
"2021 - 23","E07000181",11.22294
"2022","E07000181",13
"2022 - 24","E07000181",13.41212
"2023","E07000181",17.8
"2024","E07000181",9.14274
"2011","E07000187",19.0578
"2012","E07000187",15.1472
"2013","E07000187",19.8812
"2014","E07000187",16.5458
"2015","E07000187",19.5184
"2016","E07000187",12.1351
"2017","E07000187",13.4775
"2018","E07000187",11.3868928370062
"2019","E07000187",12.4511292578821
"2020","E07000187",12.2
"2021","E07000187",8.7
"2022","E07000187",6.6
"2023","E07000187",10
"2024","E07000187",12.99858
"2011","E07000188",20.6951
"2012","E07000188",20.6182
"2013","E07000188",20.3191
"2014","E07000188",19.3411
"2015","E07000188",13.9747
"2016","E07000188",15.2037
"2017","E07000188",16.3866
"2018","E07000188",17.7199285595614
"2019","E07000188",20.5050930576709
"2020","E07000188",18.6
"2021","E07000188",16.1
"2022","E07000188",17.4
"2023","E07000188",12.3
"2024","E07000188",12.23
"2011","E07000189",20.8934
"2012","E07000189",21.8764
"2013","E07000189",21.4755
"2014","E07000189",19.7856
"2015","E07000189",17.1844
"2016","E07000189",10.325
"2017","E07000189",11.939
"2018","E07000189",17.2227534262661
"2019","E07000189",12.4555103597305
"2020","E07000189",10.1
"2021","E07000189",12.6
"2022","E07000189",9.9
"2023","E07000189",7.2
"2024","E07000189",11.02152
"2011","E07000192",16.1272
"2012","E07000192",25.7619
"2013","E07000192",21.376
"2014","E07000192",19.5265
"2015","E07000192",18.779
"2016","E07000192",20.1348
"2017","E07000192",16.4482
"2018","E07000192",12.2475010051436
"2019","E07000192",17.5669872895912
"2019 - 21","E07000192",15.38316
"2020","E07000192",15
"2020 - 22","E07000192",13.57858
"2021","E07000192",13.9
"2021 - 23","E07000192",11.9752
"2022","E07000192",11.2
"2022 - 24","E07000192",10.89186
"2023","E07000192",10.5
"2024","E07000192",11.02137
"2011","E07000193",20.6627
"2012","E07000193",10.7134
"2013","E07000193",17.4116
"2014","E07000193",15.455
"2015","E07000193",14.1727
"2016","E07000193",20.1508
"2017","E07000193",15.4766
"2018","E07000193",14.1253884576188
"2019","E07000193",16.7303011501933
"2019 - 21","E07000193",15.04897
"2020","E07000193",17.5
"2020 - 22","E07000193",13.94769
"2021","E07000193",10.8
"2021 - 23","E07000193",10.45313
"2022","E07000193",13.6
"2022 - 24","E07000193",12.71324
"2023","E07000193",6.9
"2024","E07000193",17.33897
"2011","E07000194",12.9019
"2012","E07000194",18.5969
"2013","E07000194",20.0165
"2014","E07000194",13.5742
"2015","E07000194",16.0498
"2016","E07000194",10.8143
"2017","E07000194",9.6746
"2018","E07000194",10.1861003302558
"2019","E07000194",5.43860289199411
"2019 - 21","E07000194",6.22737
"2020","E07000194",6.9
"2020 - 22","E07000194",6.04026
"2021","E07000194",6.4
"2021 - 23","E07000194",6.3263
"2022","E07000194",4.8
"2022 - 24","E07000194",7.88066
"2023","E07000194",8
"2024","E07000194",11.00801
"2011","E07000195",17.2541
"2012","E07000195",17.6557
"2013","E07000195",20.9934
"2014","E07000195",15.6058
"2015","E07000195",13.093
"2016","E07000195",20.247
"2017","E07000195",18.6274
"2018","E07000195",18.2616843144564
"2019","E07000195",16.6282103810407
"2019 - 21","E07000195",14.04633
"2020","E07000195",14.7
"2020 - 22","E07000195",12.08513
"2021","E07000195",10.7
"2021 - 23","E07000195",8.33052
"2022","E07000195",10.8
"2022 - 24","E07000195",9.02737
"2023","E07000195",4.3
"2024","E07000195",12.32996
"2011","E07000196",17.2013
"2012","E07000196",14.1182
"2013","E07000196",13.8053
"2014","E07000196",6.9118
"2015","E07000196",8.9926
"2016","E07000196",10.7026
"2017","E07000196",11.2434
"2018","E07000196",12.4034377406294
"2019","E07000196",9.4433424249938
"2019 - 21","E07000196",9.08019
"2020","E07000196",10.7
"2020 - 22","E07000196",9.69675
"2021","E07000196",7.2
"2021 - 23","E07000196",7.41235
"2022","E07000196",11.1
"2022 - 24","E07000196",9.18621
"2023","E07000196",3.8
"2024","E07000196",12.65783
"2011","E07000197",20.3728
"2012","E07000197",15.8041
"2013","E07000197",10.8955
"2014","E07000197",13.4742
"2015","E07000197",12.349
"2016","E07000197",15.3047
"2017","E07000197",8.4582
"2018","E07000197",9.23439750244053
"2019","E07000197",13.4060624506606
"2019 - 21","E07000197",11.37255
"2020","E07000197",13.9
"2020 - 22","E07000197",7.60443
"2021","E07000197",6.5
"2021 - 23","E07000197",6.686
"2022","E07000197",2.6
"2022 - 24","E07000197",6.88815
"2023","E07000197",11.5
"2024","E07000197",7.09185
"2011","E07000198",18.8621
"2012","E07000198",11.195
"2013","E07000198",9.1444
"2014","E07000198",13.7073
"2015","E07000198",14.104
"2016","E07000198",9.0033
"2017","E07000198",11.1397
"2018","E07000198",8.72758999183811
"2019","E07000198",14.8124338730631
"2019 - 21","E07000198",11.52651
"2020","E07000198",11.8
"2020 - 22","E07000198",8.77969
"2021","E07000198",7.7
"2021 - 23","E07000198",5.33256
"2022","E07000198",6.5
"2022 - 24","E07000198",7.35215
"2023","E07000198",1.7
"2024","E07000198",12.7548
"2011","E07000199",22.2449
"2012","E07000199",20.0961
"2013","E07000199",10.7345
"2014","E07000199",8.4757
"2015","E07000199",12.2973
"2016","E07000199",16.7408
"2017","E07000199",18.4852
"2018","E07000199",13.2032992897931
"2019","E07000199",19.3883199557155
"2019 - 21","E07000199",14.76287
"2020","E07000199",14
"2020 - 22","E07000199",10.99312
"2021","E07000199",11.5
"2021 - 23","E07000199",9.48783
"2022","E07000199",7.1
"2022 - 24","E07000199",12.14037
"2023","E07000199",9.5
"2024","E07000199",19.08926
"2011","E07000200",13.5653
"2012","E07000200",11.7683
"2013","E07000200",11.3165
"2014","E07000200",15.4567
"2015","E07000200",17.2427
"2016","E07000200",8.5982
"2017","E07000200",7.277
"2018","E07000200",9.33312061263561
"2019","E07000200",10.5052581639915
"2019 - 21","E07000200",10.8437
"2020","E07000200",12.8
"2020 - 22","E07000200",12.55246
"2021","E07000200",9.3
"2021 - 23","E07000200",11.95649
"2022","E07000200",16.1
"2022 - 24","E07000200",13.79546
"2023","E07000200",11.1
"2024","E07000200",14.50119
"2011","E07000202",23.6453
"2012","E07000202",19.9032
"2013","E07000202",24.1444
"2014","E07000202",24.6493
"2015","E07000202",18.3196
"2016","E07000202",19.8062
"2017","E07000202",20.0335
"2018","E07000202",17.0708369772108
"2019","E07000202",20.694211295825
"2019 - 21","E07000202",19.66523
"2020","E07000202",17.8
"2020 - 22","E07000202",17.11353
"2021","E07000202",20.6
"2021 - 23","E07000202",13.92498
"2022","E07000202",12.5
"2022 - 24","E07000202",9.6709
"2023","E07000202",8.8
"2024","E07000202",8.26312
"2011","E07000203",14.8346
"2012","E07000203",16.7906
"2013","E07000203",15.2448
"2014","E07000203",13.8925
"2015","E07000203",11.58
"2016","E07000203",10.9826
"2017","E07000203",7.3902
"2018","E07000203",8.28817931596292
"2019","E07000203",11.9504174729691
"2019 - 21","E07000203",10.20013
"2020","E07000203",7.6
"2020 - 22","E07000203",9.2791
"2021","E07000203",11.1
"2021 - 23","E07000203",9.75095
"2022","E07000203",9.2
"2022 - 24","E07000203",9.6771
"2023","E07000203",9.1
"2024","E07000203",10.84734
"2011","E07000207",16.8213
"2012","E07000207",14.5479
"2013","E07000207",9.9711
"2014","E07000207",16.4856
"2015","E07000207",12.9142
"2016","E07000207",12.2476
"2017","E07000207",10.8597
"2018","E07000207",7.70372668055125
"2019","E07000207",8.40197351337315
"2019 - 21","E07000207",6.94324
"2020","E07000207",4.6
"2020 - 22","E07000207",7.56943
"2021","E07000207",7.8
"2021 - 23","E07000207",7.82782
"2022","E07000207",10.5
"2022 - 24","E07000207",8.23046
"2023","E07000207",5.2
"2024","E07000207",9.0012
"2011","E07000208",11.7544
"2012","E07000208",12.1345
"2013","E07000208",25.6751
"2014","E07000208",14.3016
"2015","E07000208",13.8149
"2016","E07000208",4.9341
"2017","E07000208",9.198
"2018","E07000208",6.73296295651265
"2019","E07000208",9.96258185219832
"2019 - 21","E07000208",7.58644
"2020","E07000208",7.4
"2020 - 22","E07000208",6.33174
"2021","E07000208",5.3
"2021 - 23","E07000208",5.69393
"2022","E07000208",6.5
"2022 - 24","E07000208",3.85943
"2023","E07000208",5.4
"2024","E07000208",5.4
"2011","E07000209",16.2252
"2012","E07000209",11.704
"2013","E07000209",15.7331
"2014","E07000209",19.4151
"2015","E07000209",14.0234
"2016","E07000209",12.4553
"2017","E07000209",11.0011
"2018","E07000209",10.632876204596
"2019","E07000209",12.4919988734414
"2019 - 21","E07000209",9.49768
"2020","E07000209",10.5
"2020 - 22","E07000209",9.44981
"2021","E07000209",5.5
"2021 - 23","E07000209",9.81183
"2022","E07000209",12.5
"2022 - 24","E07000209",10.80383
"2023","E07000209",11.7
"2024","E07000209",8.44978
"2011","E07000210",12.9119
"2012","E07000210",11.3485
"2013","E07000210",15.3012
"2014","E07000210",16.9543
"2015","E07000210",13.3048
"2016","E07000210",9.0864
"2017","E07000210",11.2192
"2018","E07000210",7.9901019112428
"2019","E07000210",8.26355186312413
"2019 - 21","E07000210",12.11262
"2020","E07000210",16.7
"2020 - 22","E07000210",13.83284
"2021","E07000210",11.3
"2021 - 23","E07000210",9.02378
"2022","E07000210",13.4
"2022 - 24","E07000210",7.02338
"2023","E07000210",3.3
"2024","E07000210",4.94543
"2011","E07000211",15.7081
"2012","E07000211",14.5874
"2013","E07000211",12.5636
"2014","E07000211",12.8469
"2015","E07000211",15.228
"2016","E07000211",14.5434
"2017","E07000211",9.46
"2018","E07000211",9.77652843457087
"2019","E07000211",8.7974095398676
"2019 - 21","E07000211",9.1712
"2020","E07000211",10.7
"2020 - 22","E07000211",11.08769
"2021","E07000211",8
"2021 - 23","E07000211",9.87033
"2022","E07000211",14.8
"2022 - 24","E07000211",9.55393
"2023","E07000211",7.3
"2024","E07000211",7.18083
"2011","E07000212",12.5132
"2012","E07000212",13.3345
"2013","E07000212",15.8196
"2014","E07000212",15.2676
"2015","E07000212",11.0635
"2016","E07000212",13.9678
"2017","E07000212",14.5958
"2018","E07000212",11.0675290576671
"2019","E07000212",17.6674102062184
"2019 - 21","E07000212",12.75589
"2020","E07000212",12.7
"2020 - 22","E07000212",10.51223
"2021","E07000212",8.2
"2021 - 23","E07000212",9.38429
"2022","E07000212",10.8
"2022 - 24","E07000212",8.99868
"2023","E07000212",9.2
"2024","E07000212",7.0841
"2011","E07000213",16.9192
"2012","E07000213",15.8943
"2013","E07000213",20.0619
"2014","E07000213",17.1832
"2015","E07000213",15.2236
"2016","E07000213",18.5793
"2017","E07000213",16.8475
"2018","E07000213",15.1472519227162
"2019","E07000213",7.80507358414934
"2019 - 21","E07000213",9.84537
"2020","E07000213",12.7
"2020 - 22","E07000213",10.57191
"2021","E07000213",9.2
"2021 - 23","E07000213",9.08383
"2022","E07000213",9.9
"2022 - 24","E07000213",9.62918
"2023","E07000213",8.2
"2024","E07000213",10.77696
"2011","E07000214",10.8485
"2012","E07000214",14.6361
"2013","E07000214",13.3954
"2014","E07000214",10.7457
"2015","E07000214",12.6846
"2016","E07000214",12.4162
"2017","E07000214",9.5523
"2018","E07000214",9.94575622208041
"2019","E07000214",11.3650584554586
"2019 - 21","E07000214",9.11548
"2020","E07000214",10.5
"2020 - 22","E07000214",6.79452
"2021","E07000214",5.4
"2021 - 23","E07000214",5.23864
"2022","E07000214",4.1
"2022 - 24","E07000214",7.12856
"2023","E07000214",6.1
"2024","E07000214",10.745
"2011","E07000215",14.5977
"2012","E07000215",12.7219
"2013","E07000215",14.6626
"2014","E07000215",9.1218
"2015","E07000215",17.8854
"2016","E07000215",14.73
"2017","E07000215",11.7225
"2018","E07000215",13.0420878710892
"2019","E07000215",7.9657659085506
"2019 - 21","E07000215",8.6795
"2020","E07000215",7.4
"2020 - 22","E07000215",10.67535
"2021","E07000215",10.8
"2021 - 23","E07000215",11.33429
"2022","E07000215",14.2
"2022 - 24","E07000215",10.66084
"2023","E07000215",9
"2024","E07000215",8.84382
"2011","E07000216",14.6971
"2012","E07000216",16.0934
"2013","E07000216",13.8053
"2014","E07000216",16.7131
"2015","E07000216",11.7196
"2016","E07000216",9.1223
"2017","E07000216",8.34
"2018","E07000216",7.13460359383106
"2019","E07000216",10.1337046723047
"2019 - 21","E07000216",7.50059
"2020","E07000216",8.6
"2020 - 22","E07000216",8.56207
"2021","E07000216",4
"2021 - 23","E07000216",7.8282
"2022","E07000216",13.2
"2022 - 24","E07000216",9.30599
"2023","E07000216",6.4
"2024","E07000216",8.35701
"2011","E07000217",17.4844
"2012","E07000217",15.821
"2013","E07000217",13.97
"2014","E07000217",10.5304
"2015","E07000217",16.1924
"2016","E07000217",12.8973
"2017","E07000217",9.064
"2018","E07000217",14.5251983814178
"2019","E07000217",7.56059685368983
"2019 - 21","E07000217",6.3638
"2020","E07000217",6
"2020 - 22","E07000217",5.30777
"2021","E07000217",5.6
"2021 - 23","E07000217",3.66035
"2022","E07000217",4.3
"2022 - 24","E07000217",3.14929
"2023","E07000217",1.2
"2024","E07000217",3.92821
"2011","E07000218",16.6134
"2012","E07000218",14.2101
"2013","E07000218",14.6493
"2014","E07000218",15.343
"2015","E07000218",10.7331
"2016","E07000218",6.359
"2017","E07000218",5.7304
"2018","E07000218",14.3722779776557
"2019","E07000218",15.1470830586684
"2019 - 21","E07000218",15.04706
"2020","E07000218",16.4
"2020 - 22","E07000218",15.24271
"2021","E07000218",13.4
"2021 - 23","E07000218",15.50669
"2022","E07000218",15.7
"2022 - 24","E07000218",14.35893
"2023","E07000218",16.8
"2024","E07000218",9.7137
"2011","E07000219",18.2296
"2012","E07000219",22.2292
"2013","E07000219",13.6752
"2014","E07000219",20.5745
"2015","E07000219",15.9025
"2016","E07000219",19.1474
"2017","E07000219",16.3695
"2018","E07000219",16.5717218373108
"2019","E07000219",14.4547109057819
"2019 - 21","E07000219",15.36503
"2020","E07000219",17.4
"2020 - 22","E07000219",15.72241
"2021","E07000219",14.1
"2021 - 23","E07000219",13.88786
"2022","E07000219",15.6
"2022 - 24","E07000219",14.24862
"2023","E07000219",12
"2024","E07000219",15.17798
"2011","E07000220",14.7967
"2012","E07000220",18.2228
"2013","E07000220",15.9148
"2014","E07000220",14.5211
"2015","E07000220",11.919
"2016","E07000220",15.7764
"2017","E07000220",13.9971
"2018","E07000220",23.0625363664071
"2019","E07000220",14.3155338481268
"2019 - 21","E07000220",12.78016
"2020","E07000220",9.8
"2020 - 22","E07000220",13.56248
"2021","E07000220",14.4
"2021 - 23","E07000220",14.17171
"2022","E07000220",16.6
"2022 - 24","E07000220",11.54924
"2023","E07000220",11.3
"2024","E07000220",6.89023
"2011","E07000221",20.7803
"2012","E07000221",20.3616
"2013","E07000221",14.2327
"2014","E07000221",11.5281
"2015","E07000221",11.868
"2016","E07000221",11.093
"2017","E07000221",9.7841
"2018","E07000221",9.36139939738868
"2019","E07000221",11.8201935529925
"2019 - 21","E07000221",10.11785
"2020","E07000221",9.7
"2020 - 22","E07000221",8.55409
"2021","E07000221",8.8
"2021 - 23","E07000221",8.54803
"2022","E07000221",6.9
"2022 - 24","E07000221",6.91101
"2023","E07000221",9.7
"2024","E07000221",4.01078
"2011","E07000222",19.1641
"2012","E07000222",15.3954
"2013","E07000222",19.0318
"2014","E07000222",14.5619
"2015","E07000222",9.7695
"2016","E07000222",15.6384
"2017","E07000222",13.9115
"2018","E07000222",9.90790577544845
"2019","E07000222",12.1181897519013
"2019 - 21","E07000222",12.78087
"2020","E07000222",11.1
"2020 - 22","E07000222",12.13771
"2021","E07000222",15.2
"2021 - 23","E07000222",10.30212
"2022","E07000222",10.1
"2022 - 24","E07000222",9.118
"2023","E07000222",5.6
"2024","E07000222",11.80581
"2011","E07000223",16.5952
"2012","E07000223",19.9098
"2013","E07000223",14.7903
"2014","E07000223",18.4203
"2015","E07000223",17.0869
"2016","E07000223",16.481
"2017","E07000223",11.8668
"2018","E07000223",17.6881665820213
"2019","E07000223",5.12314615708617
"2019 - 21","E07000223",8.31717
"2020","E07000223",10
"2020 - 22","E07000223",9.24536
"2021","E07000223",10.1
"2021 - 23","E07000223",7.4931
"2022","E07000223",8.1
"2022 - 24","E07000223",10.1353
"2023","E07000223",5.1
"2024","E07000223",18.29348
"2011","E07000224",12.6325
"2012","E07000224",18.3273
"2013","E07000224",15.9702
"2014","E07000224",15.7857
"2015","E07000224",12.2745
"2016","E07000224",21.7396
"2017","E07000224",17.0137
"2018","E07000224",12.8863535450078
"2019","E07000224",14.7365332148975
"2019 - 21","E07000224",11.17858
"2020","E07000224",9.9
"2020 - 22","E07000224",9.80901
"2021","E07000224",9.1
"2021 - 23","E07000224",11.89801
"2022","E07000224",10.7
"2022 - 24","E07000224",11.81043
"2023","E07000224",16.3
"2024","E07000224",8.66491
"2011","E07000225",17.7913
"2012","E07000225",19.6994
"2013","E07000225",15.7863
"2014","E07000225",15.3744
"2015","E07000225",11.7355
"2016","E07000225",13.7735
"2017","E07000225",10.7183
"2018","E07000225",10.8263211632574
"2019","E07000225",9.27730858145235
"2019 - 21","E07000225",9.89551
"2020","E07000225",8.5
"2020 - 22","E07000225",11.05875
"2021","E07000225",11.9
"2021 - 23","E07000225",11.72388
"2022","E07000225",12.6
"2022 - 24","E07000225",12.01443
"2023","E07000225",10.8
"2024","E07000225",12.78734
"2011","E07000226",17.1713
"2012","E07000226",22.1152
"2013","E07000226",28.057
"2014","E07000226",17.9046
"2015","E07000226",21.5845
"2016","E07000226",20.8641
"2017","E07000226",10.9829
"2018","E07000226",13.9740233714508
"2019","E07000226",15.0737522731865
"2019 - 21","E07000226",18.53854
"2020","E07000226",23.2
"2020 - 22","E07000226",20.10135
"2021","E07000226",17.4
"2021 - 23","E07000226",16.95615
"2022","E07000226",19.7
"2022 - 24","E07000226",16.71165
"2023","E07000226",13.6
"2024","E07000226",16.77995
"2011","E07000227",14.5616
"2012","E07000227",11.0677
"2013","E07000227",12.5805
"2014","E07000227",15.2578
"2015","E07000227",12.8696
"2016","E07000227",9.3092
"2017","E07000227",8.9946
"2018","E07000227",9.42332292892596
"2019","E07000227",5.67071321666487
"2019 - 21","E07000227",7.48833
"2020","E07000227",9.1
"2020 - 22","E07000227",7.28304
"2021","E07000227",7.7
"2021 - 23","E07000227",10.04764
"2022","E07000227",5
"2022 - 24","E07000227",9.51563
"2023","E07000227",16.3
"2024","E07000227",6.22979
"2011","E07000228",18.3553
"2012","E07000228",20.9354
"2013","E07000228",14.3864
"2014","E07000228",14.93
"2015","E07000228",14.445
"2016","E07000228",12.5651
"2017","E07000228",17.4633
"2018","E07000228",12.5665516226556
"2019","E07000228",8.58293813796872
"2019 - 21","E07000228",9.47166
"2020","E07000228",11.4
"2020 - 22","E07000228",9.85496
"2021","E07000228",8.6
"2021 - 23","E07000228",9.569
"2022","E07000228",9.7
"2022 - 24","E07000228",8.38166
"2023","E07000228",10.4
"2024","E07000228",5.13762
"2011","E07000229",15.6609
"2012","E07000229",18.2403
"2013","E07000229",19.0511
"2014","E07000229",21.8708
"2015","E07000229",15.8394
"2016","E07000229",13.2696
"2017","E07000229",9.762
"2018","E07000229",13.0702440113909
"2019","E07000229",8.50774092044899
"2019 - 21","E07000229",14.23106
"2020","E07000229",16.4
"2020 - 22","E07000229",16.45943
"2021","E07000229",17.4
"2021 - 23","E07000229",15.33259
"2022","E07000229",15.5
"2022 - 24","E07000229",13.96457
"2023","E07000229",12.8
"2024","E07000229",13.43534
"2011","E07000234",19.2365
"2012","E07000234",14.1722
"2013","E07000234",9.7073
"2014","E07000234",11.6193
"2015","E07000234",13.6201
"2016","E07000234",12.04
"2017","E07000234",12.5782
"2018","E07000234",8.53510289890308
"2019","E07000234",10.7877136487491
"2019 - 21","E07000234",12.01569
"2020","E07000234",14.8
"2020 - 22","E07000234",11.49562
"2021","E07000234",10.4
"2021 - 23","E07000234",8.11392
"2022","E07000234",9.2
"2022 - 24","E07000234",6.04935
"2023","E07000234",4.9
"2024","E07000234",3.95678
"2011","E07000235",16.6163
"2012","E07000235",15.0271
"2013","E07000235",15.5968
"2014","E07000235",13.9748
"2015","E07000235",9.5167
"2016","E07000235",12.368
"2017","E07000235",10.6461
"2018","E07000235",13.0110917790344
"2019","E07000235",11.6070689169717
"2019 - 21","E07000235",11.40849
"2020","E07000235",8.2
"2020 - 22","E07000235",11.07525
"2021","E07000235",14.6
"2021 - 23","E07000235",12.26948
"2022","E07000235",10.6
"2022 - 24","E07000235",8.14213
"2023","E07000235",11.6
"2024","E07000235",2.44252
"2011","E07000236",22.901
"2012","E07000236",25.1432
"2013","E07000236",24.277
"2014","E07000236",17.5836
"2015","E07000236",21.3964
"2016","E07000236",19.4293
"2017","E07000236",24.8111
"2018","E07000236",20.4721059260016
"2019","E07000236",9.79345802677068
"2019 - 21","E07000236",13.89462
"2020","E07000236",15.3
"2020 - 22","E07000236",14.6962
"2021","E07000236",16.6
"2021 - 23","E07000236",13.42566
"2022","E07000236",12.3
"2022 - 24","E07000236",11.28498
"2023","E07000236",11.4
"2024","E07000236",10.09896
"2011","E07000237",19.7293
"2012","E07000237",19.3113
"2013","E07000237",13.945
"2014","E07000237",23.7819
"2015","E07000237",22.4514
"2016","E07000237",15.4479
"2017","E07000237",10.9795
"2018","E07000237",10.4794927406098
"2019","E07000237",10.7120583529922
"2019 - 21","E07000237",10.40406
"2020","E07000237",8.1
"2020 - 22","E07000237",11.48031
"2021","E07000237",12.1
"2021 - 23","E07000237",14.45494
"2022","E07000237",13.9
"2022 - 24","E07000237",13.62925
"2023","E07000237",17.4
"2024","E07000237",10.14058
"2011","E07000238",16.8128
"2012","E07000238",16.5166
"2013","E07000238",9.7886
"2014","E07000238",15.4076
"2015","E07000238",10.1825
"2016","E07000238",8.5085
"2017","E07000238",15.5479
"2018","E07000238",6.81152169251662
"2019","E07000238",10.8032388165389
"2019 - 21","E07000238",10.98126
"2020","E07000238",7.7
"2020 - 22","E07000238",10.44127
"2021","E07000238",14.6
"2021 - 23","E07000238",11.46715
"2022","E07000238",9.2
"2022 - 24","E07000238",9.61983
"2023","E07000238",10.7
"2024","E07000238",8.96798
"2011","E07000239",15.9975
"2012","E07000239",13.6328
"2013","E07000239",18.5321
"2014","E07000239",17.3059
"2015","E07000239",18.1838
"2016","E07000239",15.6323
"2017","E07000239",14.166
"2018","E07000239",14.80348759222
"2019","E07000239",11.074201500112
"2019 - 21","E07000239",11.88491
"2020","E07000239",12.7
"2020 - 22","E07000239",10.83384
"2021","E07000239",12
"2021 - 23","E07000239",10.49406
"2022","E07000239",7.9
"2022 - 24","E07000239",9.12626
"2023","E07000239",11.4
"2024","E07000239",7.76024
"2011","E07000240",16.7104
"2012","E07000240",15.0797
"2013","E07000240",12.4368
"2014","E07000240",8.8261
"2015","E07000240",8.5547
"2016","E07000240",8.7374
"2017","E07000240",10.1414
"2018","E07000240",10.9991049978803
"2019","E07000240",4.07068643992541
"2019 - 21","E07000240",6.00118
"2020","E07000240",6.4
"2020 - 22","E07000240",6.69232
"2021","E07000240",7.6
"2021 - 23","E07000240",5.41402
"2022","E07000240",6
"2022 - 24","E07000240",4.26623
"2023","E07000240",2.8
"2024","E07000240",4.23445
"2011","E07000241",18.0684
"2012","E07000241",19.4744
"2013","E07000241",19.8219
"2014","E07000241",18.8538
"2015","E07000241",19.1212
"2016","E07000241",13.7168
"2017","E07000241",14.5292
"2018","E07000241",12.138638655276
"2019","E07000241",14.1365260166406
"2019 - 21","E07000241",12.14398
"2020","E07000241",10.9
"2020 - 22","E07000241",12.19683
"2021","E07000241",11.5
"2021 - 23","E07000241",14.32007
"2022","E07000241",14.3
"2022 - 24","E07000241",14.49709
"2023","E07000241",17.4
"2024","E07000241",11.90248
"2011","E07000242",14.2332
"2012","E07000242",14.7588
"2013","E07000242",14.575
"2014","E07000242",17.4558
"2015","E07000242",16.1223
"2016","E07000242",15.1958
"2017","E07000242",9.4913
"2018","E07000242",9.92920199283279
"2019","E07000242",10.7680830918429
"2019 - 21","E07000242",9.30424
"2020","E07000242",8.3
"2020 - 22","E07000242",9.01715
"2021","E07000242",8.8
"2021 - 23","E07000242",9.45242
"2022","E07000242",9.9
"2022 - 24","E07000242",9.02357
"2023","E07000242",9.6
"2024","E07000242",7.64042
"2011","E07000243",28.1794
"2012","E07000243",24.0104
"2013","E07000243",15.368
"2014","E07000243",23.0735
"2015","E07000243",21.6497
"2016","E07000243",24.3818
"2017","E07000243",14.8896
"2018","E07000243",15.691013840143
"2019","E07000243",10.3408217305885
"2019 - 21","E07000243",10.24938
"2020","E07000243",6.8
"2020 - 22","E07000243",11.00933
"2021","E07000243",13.9
"2021 - 23","E07000243",11.9817
"2022","E07000243",12.7
"2022 - 24","E07000243",8.41576
"2023","E07000243",9.4
"2024","E07000243",3.16788
"2012","E07000244",18.863207418146
"2013","E07000244",22.0497116766813
"2014","E07000244",19.3899464732798
"2015","E07000244",15.9752858744085
"2016","E07000244",16.1372149640195
"2017","E07000244",13.5890010696303
"2018","E07000244",15.0610671012084
"2019","E07000244",17.4262347836701
"2019 - 21","E07000244",13.77184
"2020","E07000244",12.7
"2020 - 22","E07000244",12.591
"2021","E07000244",11.2
"2021 - 23","E07000244",11.17112
"2022","E07000244",13.8
"2022 - 24","E07000244",11.30144
"2023","E07000244",8.5
"2024","E07000244",11.6338
"2012","E07000245",20.6610685766033
"2013","E07000245",15.6632995516959
"2014","E07000245",21.3288033220083
"2015","E07000245",16.8776204100719
"2016","E07000245",14.138046522957
"2017","E07000245",16.3020996086484
"2018","E07000245",11.7407246776801
"2019","E07000245",16.0122428514768
"2019 - 21","E07000245",13.48026
"2020","E07000245",14.3
"2020 - 22","E07000245",12.01257
"2021","E07000245",9.9
"2021 - 23","E07000245",11.50073
"2022","E07000245",11.8
"2022 - 24","E07000245",10.98264
"2023","E07000245",12.7
"2024","E07000245",8.39999
"2012","E07000246",17.3148053729849
"2013","E07000246",18.3443591951773
"2014","E07000246",14.2772297441513
"2015","E07000246",13.8138971356696
"2016","E07000246",12.5226928895613
"2017","E07000246",15.4066949265307
"2018","E07000246",16.3510321056504
"2019","E07000246",12.913751190069
"2020","E07000246",9.2
"2021","E07000246",15.7
"2022","E07000246",12.2
"2023","E07000246",11.2
"2024","E07000246",9.42735
"2011","E08000001",24.3401
"2012","E08000001",22.8378
"2013","E08000001",22.7408
"2014","E08000001",21.5644
"2015","E08000001",18.4441
"2016","E08000001",17.8978
"2017","E08000001",16.1414
"2018","E08000001",15.2709265236923
"2019","E08000001",15.8667331839831
"2019 - 21","E08000001",16.14505
"2020","E08000001",15.5
"2020 - 22","E08000001",15.16687
"2021","E08000001",17.1
"2021 - 23","E08000001",14.79108
"2022","E08000001",12.9
"2022 - 24","E08000001",12.88856
"2023","E08000001",14.4
"2024","E08000001",11.45131
"2011","E08000002",23.3126
"2012","E08000002",20.7686
"2013","E08000002",18.595
"2014","E08000002",19.0378
"2015","E08000002",19.4629
"2016","E08000002",19.0681
"2017","E08000002",16.251
"2018","E08000002",15.9785105856572
"2019","E08000002",12.7681257203902
"2019 - 21","E08000002",11.43595
"2020","E08000002",11
"2020 - 22","E08000002",10.72834
"2021","E08000002",10.5
"2021 - 23","E08000002",10.33129
"2022","E08000002",10.6
"2022 - 24","E08000002",10.39962
"2023","E08000002",9.8
"2024","E08000002",10.75235
"2011","E08000003",28.546
"2012","E08000003",24.3749
"2013","E08000003",23.8249
"2014","E08000003",25.4653
"2015","E08000003",22.718
"2016","E08000003",21.6667
"2017","E08000003",22.0035
"2018","E08000003",17.1560434077585
"2019","E08000003",18.0179760870465
"2019 - 21","E08000003",17.77097
"2020","E08000003",19.8
"2020 - 22","E08000003",17.04928
"2021","E08000003",15.6
"2021 - 23","E08000003",14.22882
"2022","E08000003",15.9
"2022 - 24","E08000003",14.22676
"2023","E08000003",11.1
"2024","E08000003",15.61293
"2011","E08000004",24.5144
"2012","E08000004",24.1703
"2013","E08000004",20.9947
"2014","E08000004",19.3211
"2015","E08000004",22.264
"2016","E08000004",18.7871
"2017","E08000004",16.5533
"2018","E08000004",18.0296954072377
"2019","E08000004",17.8934367370386
"2019 - 21","E08000004",16.59877
"2020","E08000004",13.8
"2020 - 22","E08000004",13.86138
"2021","E08000004",18
"2021 - 23","E08000004",12.96499
"2022","E08000004",9.9
"2022 - 24","E08000004",10.41583
"2023","E08000004",11.3
"2024","E08000004",10.03682
"2011","E08000005",23.8303
"2012","E08000005",24.4224
"2013","E08000005",21.6021
"2014","E08000005",22.5167
"2015","E08000005",21.9716
"2016","E08000005",19.3727
"2017","E08000005",17.751
"2018","E08000005",16.2110238035773
"2019","E08000005",15.1568979549653
"2019 - 21","E08000005",15.46401
"2020","E08000005",16.6
"2020 - 22","E08000005",15.05211
"2021","E08000005",14.6
"2021 - 23","E08000005",13.58622
"2022","E08000005",13.9
"2022 - 24","E08000005",12.65489
"2023","E08000005",12.3
"2024","E08000005",11.76449
"2011","E08000006",27.1989
"2012","E08000006",27.5383
"2013","E08000006",23.9631
"2014","E08000006",24.5163
"2015","E08000006",22.3407
"2016","E08000006",20.3415
"2017","E08000006",21.2286
"2018","E08000006",19.9720425421089
"2019","E08000006",19.0879295116682
"2019 - 21","E08000006",15.27436
"2020","E08000006",13.8
"2020 - 22","E08000006",13.51371
"2021","E08000006",13
"2021 - 23","E08000006",13.75434
"2022","E08000006",13.7
"2022 - 24","E08000006",13.26451
"2023","E08000006",14.5
"2024","E08000006",11.57146
"2011","E08000007",18.2079
"2012","E08000007",15.8905
"2013","E08000007",14.4706
"2014","E08000007",15.8869
"2015","E08000007",15.144
"2016","E08000007",12.1698
"2017","E08000007",14.3127
"2018","E08000007",13.2625267267826
"2019","E08000007",13.3921324112912
"2019 - 21","E08000007",12.95306
"2020","E08000007",13.6
"2020 - 22","E08000007",12.05648
"2021","E08000007",11.8
"2021 - 23","E08000007",10.80116
"2022","E08000007",10.7
"2022 - 24","E08000007",9.76624
"2023","E08000007",9.9
"2024","E08000007",8.72358
"2011","E08000008",24.1524
"2012","E08000008",25.7224
"2013","E08000008",23.9739
"2014","E08000008",22.8475
"2015","E08000008",21.7358
"2016","E08000008",22.0652
"2017","E08000008",17.6457
"2018","E08000008",17.0205181250256
"2019","E08000008",18.1500203358317
"2019 - 21","E08000008",17.76881
"2020","E08000008",17.1
"2020 - 22","E08000008",17.87963
"2021","E08000008",18
"2021 - 23","E08000008",17.14652
"2022","E08000008",18.5
"2022 - 24","E08000008",15.70025
"2023","E08000008",15
"2024","E08000008",13.64632
"2011","E08000009",18.1835
"2012","E08000009",19.2232
"2013","E08000009",19.2392
"2014","E08000009",15.8445
"2015","E08000009",16.4267
"2016","E08000009",12.604
"2017","E08000009",12.7191
"2018","E08000009",13.546520970593
"2019","E08000009",9.14965690958047
"2019 - 21","E08000009",9.54087
"2020","E08000009",9.2
"2020 - 22","E08000009",8.9192
"2021","E08000009",10.2
"2021 - 23","E08000009",8.81646
"2022","E08000009",7.2
"2022 - 24","E08000009",7.8692
"2023","E08000009",8.9
"2024","E08000009",7.40675
"2011","E08000010",22.4563
"2012","E08000010",22.7441
"2013","E08000010",20.1036
"2014","E08000010",20.7397
"2015","E08000010",18.6632
"2016","E08000010",17.6946
"2017","E08000010",15.6451
"2018","E08000010",15.5485421432087
"2019","E08000010",17.0063031381403
"2019 - 21","E08000010",15.30699
"2020","E08000010",16
"2020 - 22","E08000010",14.12323
"2021","E08000010",12.9
"2021 - 23","E08000010",12.29143
"2022","E08000010",13.4
"2022 - 24","E08000010",11.68477
"2023","E08000010",10.6
"2024","E08000010",11.1201
"2011","E08000011",27.5364
"2012","E08000011",22.8867
"2013","E08000011",22.6625
"2014","E08000011",21.7314
"2015","E08000011",21.4197
"2016","E08000011",20.4665
"2017","E08000011",19.678
"2018","E08000011",18.0562308974715
"2019","E08000011",14.2505797203289
"2019 - 21","E08000011",14.36236
"2020","E08000011",13.9
"2020 - 22","E08000011",14.10004
"2021","E08000011",15
"2021 - 23","E08000011",12.53168
"2022","E08000011",13.4
"2022 - 24","E08000011",11.62665
"2023","E08000011",9.2
"2024","E08000011",12.31924
"2011","E08000012",22.3438
"2012","E08000012",23.7231
"2013","E08000012",23.4755
"2014","E08000012",22.8191
"2015","E08000012",23.0917
"2016","E08000012",18.8629
"2017","E08000012",15.4758
"2018","E08000012",14.7252237975129
"2019","E08000012",14.1304259738997
"2019 - 21","E08000012",15.94654
"2020","E08000012",17.2
"2020 - 22","E08000012",16.4956
"2021","E08000012",16.5
"2021 - 23","E08000012",14.68863
"2022","E08000012",15.8
"2022 - 24","E08000012",13.15147
"2023","E08000012",11.8
"2024","E08000012",11.87233
"2011","E08000013",20.2725
"2012","E08000013",23.6454
"2013","E08000013",18.3179
"2014","E08000013",18.2671
"2015","E08000013",20.2535
"2016","E08000013",17.5548
"2017","E08000013",16.1112
"2018","E08000013",15.8107307222348
"2019","E08000013",13.0450562931454
"2019 - 21","E08000013",11.72826
"2020","E08000013",12.2
"2020 - 22","E08000013",10.9801
"2021","E08000013",9.8
"2021 - 23","E08000013",10.64213
"2022","E08000013",10.8
"2022 - 24","E08000013",11.23893
"2023","E08000013",11.2
"2024","E08000013",11.68906
"2011","E08000014",18.6205
"2012","E08000014",18.6297
"2013","E08000014",18.0929
"2014","E08000014",15.8221
"2015","E08000014",14.3377
"2016","E08000014",12.8068
"2017","E08000014",12.4431
"2018","E08000014",11.1402200441638
"2019","E08000014",9.51494685137572
"2019 - 21","E08000014",8.68692
"2020","E08000014",7.2
"2020 - 22","E08000014",7.89896
"2021","E08000014",9.3
"2021 - 23","E08000014",8.52119
"2022","E08000014",7.2
"2022 - 24","E08000014",8.99214
"2023","E08000014",9.1
"2024","E08000014",10.66028
"2011","E08000015",22.0389
"2012","E08000015",18.6366
"2013","E08000015",19.2827
"2014","E08000015",17.2428
"2015","E08000015",18.8653
"2016","E08000015",15.6979
"2017","E08000015",15.9423
"2018","E08000015",11.9518590156888
"2019","E08000015",10.7387087883694
"2019 - 21","E08000015",11.34068
"2020","E08000015",12.5
"2020 - 22","E08000015",11.02581
"2021","E08000015",10.8
"2021 - 23","E08000015",10.26585
"2022","E08000015",9.8
"2022 - 24","E08000015",10.65234
"2023","E08000015",10.2
"2024","E08000015",11.95192
"2011","E08000016",23.975
"2012","E08000016",24.4361
"2013","E08000016",22.3997
"2014","E08000016",22.5358
"2015","E08000016",21.2289
"2016","E08000016",20.5594
"2017","E08000016",18.1557
"2018","E08000016",17.4070280658036
"2019","E08000016",18.2874722269697
"2019 - 21","E08000016",16.32169
"2020","E08000016",15
"2020 - 22","E08000016",15.04271
"2021","E08000016",15.7
"2021 - 23","E08000016",14.74877
"2022","E08000016",14.4
"2022 - 24","E08000016",13.6808
"2023","E08000016",14.1
"2024","E08000016",12.49432
"2011","E08000017",25.7685
"2012","E08000017",23.4389
"2013","E08000017",22.0367
"2014","E08000017",21.4891
"2015","E08000017",19.5756
"2016","E08000017",19.8392
"2017","E08000017",19.7291
"2018","E08000017",19.5616459960659
"2019","E08000017",19.0957561164381
"2019 - 21","E08000017",18.50572
"2020","E08000017",18.1
"2020 - 22","E08000017",15.9168
"2021","E08000017",18.3
"2021 - 23","E08000017",15.47404
"2022","E08000017",11.2
"2022 - 24","E08000017",14.04987
"2023","E08000017",16.8
"2024","E08000017",14.05206
"2011","E08000018",21.8891
"2012","E08000018",22.1016
"2013","E08000018",20.8409
"2014","E08000018",19.4244
"2015","E08000018",18.1208
"2016","E08000018",18.3441
"2017","E08000018",16.249
"2018","E08000018",18.9229728836483
"2019","E08000018",17.8460715115164
"2019 - 21","E08000018",15.95117
"2020","E08000018",14.2
"2020 - 22","E08000018",14.25969
"2021","E08000018",15.8
"2021 - 23","E08000018",14.05443
"2022","E08000018",12.8
"2022 - 24","E08000018",13.27606
"2023","E08000018",13.6
"2024","E08000018",13.45071
"2011","E08000019",20.1857
"2012","E08000019",20.1639
"2013","E08000019",18.7739
"2014","E08000019",17.21
"2015","E08000019",18.3608
"2016","E08000019",16.0181
"2017","E08000019",16.9784
"2018","E08000019",12.5057013427707
"2019","E08000019",13.9083128051132
"2019 - 21","E08000019",12.48269
"2020","E08000019",11.1
"2020 - 22","E08000019",11.4585
"2021","E08000019",12.4
"2021 - 23","E08000019",10.97518
"2022","E08000019",10.9
"2022 - 24","E08000019",10.702
"2023","E08000019",9.7
"2024","E08000019",11.47941
"2011","E08000021",23.0315
"2012","E08000021",23.6888
"2013","E08000021",24.903
"2014","E08000021",19.7866
"2015","E08000021",18.6164
"2016","E08000021",17.5951
"2017","E08000021",15.2019
"2018","E08000021",15.9798976920071
"2019","E08000021",13.0148564088612
"2019 - 21","E08000021",13.94182
"2020","E08000021",14.3
"2020 - 22","E08000021",13.28697
"2021","E08000021",14.5
"2021 - 23","E08000021",11.87854
"2022","E08000021",11
"2022 - 24","E08000021",10.48781
"2023","E08000021",10
"2024","E08000021",10.40467
"2011","E08000022",23.6279
"2012","E08000022",22.5907
"2013","E08000022",19.2983
"2014","E08000022",19.2774
"2015","E08000022",17.9899
"2016","E08000022",16.4423
"2017","E08000022",16.5315
"2018","E08000022",14.8972032095158
"2019","E08000022",13.9347749912399
"2019 - 21","E08000022",14.16326
"2020","E08000022",14.4
"2020 - 22","E08000022",12.93021
"2021","E08000022",14.2
"2021 - 23","E08000022",11.53356
"2022","E08000022",10.2
"2022 - 24","E08000022",9.92391
"2023","E08000022",10.3
"2024","E08000022",9.30667
"2011","E08000023",22.7241
"2012","E08000023",21.8153
"2013","E08000023",21.0782
"2014","E08000023",19.4708
"2015","E08000023",17.4266
"2016","E08000023",18.5145
"2017","E08000023",18.3628
"2018","E08000023",18.7857093088071
"2019","E08000023",16.3257274215333
"2019 - 21","E08000023",16.10993
"2020","E08000023",16.8
"2020 - 22","E08000023",15.27369
"2021","E08000023",15.2
"2021 - 23","E08000023",13.66412
"2022","E08000023",13.9
"2022 - 24","E08000023",13.55091
"2023","E08000023",11.9
"2024","E08000023",14.91128
"2011","E08000024",24.3034
"2012","E08000024",23.7731
"2013","E08000024",21.2375
"2014","E08000024",22.0673
"2015","E08000024",21.4677
"2016","E08000024",18.0049
"2017","E08000024",22.7455
"2018","E08000024",20.1805982853149
"2019","E08000024",16.0188311965104
"2019 - 21","E08000024",15.74054
"2020","E08000024",17.1
"2020 - 22","E08000024",14.41913
"2021","E08000024",14.1
"2021 - 23","E08000024",12.5516
"2022","E08000024",12
"2022 - 24","E08000024",11.01238
"2023","E08000024",11.6
"2024","E08000024",9.44932
"2011","E08000025",19.2443
"2012","E08000025",16.8893
"2013","E08000025",18.9503
"2014","E08000025",17.8865
"2015","E08000025",15.9002
"2016","E08000025",14.3037
"2017","E08000025",13.7211
"2018","E08000025",16.1895672232357
"2019","E08000025",14.7893268150326
"2019 - 21","E08000025",15.98749
"2020","E08000025",18.2
"2020 - 22","E08000025",15.23476
"2021","E08000025",15
"2021 - 23","E08000025",13.68017
"2022","E08000025",12.4
"2022 - 24","E08000025",12.71764
"2023","E08000025",13.6
"2024","E08000025",12.16206
"2011","E08000026",17.3121
"2012","E08000026",17.1483
"2013","E08000026",18.815
"2014","E08000026",15.8409
"2015","E08000026",16.6567
"2016","E08000026",16.2595
"2017","E08000026",15.8549
"2018","E08000026",15.9278294935844
"2019","E08000026",15.0719434669088
"2019 - 21","E08000026",14.65202
"2020","E08000026",16.2
"2020 - 22","E08000026",15.21082
"2021","E08000026",12.7
"2021 - 23","E08000026",13.12125
"2022","E08000026",16.8
"2022 - 24","E08000026",12.42
"2023","E08000026",10
"2024","E08000026",10.64863
"2011","E08000027",18.7103
"2012","E08000027",16.7657
"2013","E08000027",20.2078
"2014","E08000027",18.4292
"2015","E08000027",18.5297
"2016","E08000027",15.5912
"2017","E08000027",13.6963
"2018","E08000027",13.0358796829881
"2019","E08000027",13.5046328674946
"2019 - 21","E08000027",13.14802
"2020","E08000027",13.4
"2020 - 22","E08000027",12.33202
"2021","E08000027",12.6
"2021 - 23","E08000027",10.92197
"2022","E08000027",11.2
"2022 - 24","E08000027",10.64573
"2023","E08000027",9.1
"2024","E08000027",11.69139
"2011","E08000028",23.7105
"2012","E08000028",22.9476
"2013","E08000028",22.6462
"2014","E08000028",20.3529
"2015","E08000028",17.7318
"2016","E08000028",18.9866
"2017","E08000028",17.423
"2018","E08000028",16.7282988236204
"2019","E08000028",15.3455097815834
"2019 - 21","E08000028",15.23112
"2020","E08000028",13.4
"2020 - 22","E08000028",16.56593
"2021","E08000028",16.8
"2021 - 23","E08000028",17.58378
"2022","E08000028",19.2
"2022 - 24","E08000028",17.57677
"2023","E08000028",16.7
"2024","E08000028",16.83072
"2011","E08000029",14.7241
"2012","E08000029",12.9202
"2013","E08000029",13.6903
"2014","E08000029",12.1682
"2015","E08000029",11.6085
"2016","E08000029",11.7036
"2017","E08000029",10.47
"2018","E08000029",11.4070600304091
"2019","E08000029",12.572159715506
"2019 - 21","E08000029",11.21898
"2020","E08000029",10.9
"2020 - 22","E08000029",10.21075
"2021","E08000029",10.1
"2021 - 23","E08000029",9.26951
"2022","E08000029",9.6
"2022 - 24","E08000029",9.25063
"2023","E08000029",8.1
"2024","E08000029",10.018
"2011","E08000030",21.8967
"2012","E08000030",21.5114
"2013","E08000030",19.5171
"2014","E08000030",19.1008
"2015","E08000030",17.628
"2016","E08000030",16.0399
"2017","E08000030",14.4897
"2018","E08000030",15.5970261058467
"2019","E08000030",15.0345218953939
"2019 - 21","E08000030",14.01737
"2020","E08000030",14.1
"2020 - 22","E08000030",13.19243
"2021","E08000030",13
"2021 - 23","E08000030",13.15214
"2022","E08000030",12.5
"2022 - 24","E08000030",13.66297
"2023","E08000030",13.9
"2024","E08000030",14.58445
"2011","E08000031",20.5589
"2012","E08000031",22.9422
"2013","E08000031",21.5715
"2014","E08000031",20.893
"2015","E08000031",19.2721
"2016","E08000031",16.4767
"2017","E08000031",14.4249
"2018","E08000031",16.7369830989731
"2019","E08000031",15.0993205953259
"2019 - 21","E08000031",12.8025
"2020","E08000031",10.7
"2020 - 22","E08000031",12.37465
"2021","E08000031",12.6
"2021 - 23","E08000031",13.37692
"2022","E08000031",13.8
"2022 - 24","E08000031",13.61223
"2023","E08000031",13.8
"2024","E08000031",13.27764
"2011","E08000032",21.7416
"2012","E08000032",22.3415
"2013","E08000032",22.7542
"2014","E08000032",20.3283
"2015","E08000032",20.8691
"2016","E08000032",22.1745
"2017","E08000032",18.8684
"2018","E08000032",18.4735477510645
"2019","E08000032",16.5114613180516
"2019 - 21","E08000032",15.22596
"2020","E08000032",15
"2020 - 22","E08000032",14.49126
"2021","E08000032",14.2
"2021 - 23","E08000032",13.99578
"2022","E08000032",14.3
"2022 - 24","E08000032",13.44402
"2023","E08000032",13.5
"2024","E08000032",12.61119
"2011","E08000033",23.2264
"2012","E08000033",21.5656
"2013","E08000033",21.1053
"2014","E08000033",19.9148
"2015","E08000033",18.7339
"2016","E08000033",18.6666
"2017","E08000033",17.057
"2018","E08000033",15.54496580168
"2019","E08000033",16.0868720240987
"2019 - 21","E08000033",14.58622
"2020","E08000033",13.8
"2020 - 22","E08000033",12.68667
"2021","E08000033",13.8
"2021 - 23","E08000033",10.833
"2022","E08000033",10.5
"2022 - 24","E08000033",10.70917
"2023","E08000033",8.5
"2024","E08000033",13.18626
"2011","E08000034",23.0948
"2012","E08000034",20.6057
"2013","E08000034",19.1776
"2014","E08000034",20.6436
"2015","E08000034",16.4185
"2016","E08000034",16.8178
"2017","E08000034",17.0568
"2018","E08000034",15.0685671780331
"2019","E08000034",14.2768281695379
"2019 - 21","E08000034",13.48428
"2020","E08000034",13.5
"2020 - 22","E08000034",12.78283
"2021","E08000034",12.7
"2021 - 23","E08000034",12.19872
"2022","E08000034",12.2
"2022 - 24","E08000034",12.19082
"2023","E08000034",11.7
"2024","E08000034",12.64778
"2011","E08000035",23.1408
"2012","E08000035",22.7238
"2013","E08000035",21.4819
"2014","E08000035",22.1554
"2015","E08000035",18.5067
"2016","E08000035",17.8356
"2017","E08000035",16.6914
"2018","E08000035",18.1996096704947
"2019","E08000035",15.2608307772142
"2019 - 21","E08000035",13.33411
"2020","E08000035",13.5
"2020 - 22","E08000035",12.00764
"2021","E08000035",11.2
"2021 - 23","E08000035",10.98028
"2022","E08000035",11.3
"2022 - 24","E08000035",11.48839
"2023","E08000035",10.4
"2024","E08000035",12.78246
"2011","E08000036",22.3543
"2012","E08000036",25.1198
"2013","E08000036",23.4459
"2014","E08000036",22.382
"2015","E08000036",21.9125
"2016","E08000036",19.4912
"2017","E08000036",17.9403
"2018","E08000036",19.3364476394139
"2019","E08000036",16.6788087247654
"2019 - 21","E08000036",16.82976
"2020","E08000036",19.1
"2020 - 22","E08000036",15.03657
"2021","E08000036",14.7
"2021 - 23","E08000036",12.71846
"2022","E08000036",11.4
"2022 - 24","E08000036",11.67148
"2023","E08000036",12.1
"2024","E08000036",11.53775
"2011","E08000037",20.8429
"2012","E08000037",20.6761
"2013","E08000037",21.4303
"2014","E08000037",19.8754
"2015","E08000037",18.3273
"2016","E08000037",17.9046
"2017","E08000037",16.5012
"2018","E08000037",17.7980217963948
"2019","E08000037",17.093391700495
"2019 - 21","E08000037",14.73255
"2020","E08000037",14
"2020 - 22","E08000037",12.36573
"2021","E08000037",13.1
"2021 - 23","E08000037",10.56291
"2022","E08000037",10.1
"2022 - 24","E08000037",8.94802
"2023","E08000037",8.5
"2024","E08000037",8.26174
"2011","E09000001",19.4105673139159
"2012","E09000001",18.90165932178
"2013","E09000001",17.9052236796854
"2014","E09000001",17.3884971474531
"2015","E09000001",16.6020810170157
"2016","E09000001",15.1865597027293
"2017","E09000001",14.4877488898448
"2018","E09000001",14.0962671714088
"2019","E09000001",13.5708531091428
"2019 - 21","E09000001",8.69512
"2020","E09000001",12.506063034188
"2020 - 22","E09000001",12.11991
"2021","E09000001",11.9620753715499
"2021 - 23","E09000001",13.40304
"2022","E09000001",11.4016339869281
"2022 - 24","E09000001",10.7490450853242
"2023","E09000001",10.6472131147541
"2024","E09000001",10.2001501628664
"2011","E09000002",23.7312
"2012","E09000002",22.7532
"2013","E09000002",22.6897
"2014","E09000002",23.0876
"2015","E09000002",18.4295
"2016","E09000002",18.7583
"2017","E09000002",18.6539
"2018","E09000002",22.430629411196
"2019","E09000002",18.0652719665272
"2019 - 21","E09000002",14.62791
"2020","E09000002",15.4
"2020 - 22","E09000002",12.71993
"2021","E09000002",10.6
"2021 - 23","E09000002",12.94812
"2022","E09000002",12.4
"2022 - 24","E09000002",14.51576
"2023","E09000002",15.8
"2024","E09000002",15.38472
"2011","E09000003",17.3781
"2012","E09000003",15.5742
"2013","E09000003",15.2896
"2014","E09000003",13.9644
"2015","E09000003",14.6027
"2016","E09000003",14.7775
"2017","E09000003",17.2656
"2018","E09000003",10.9069200572538
"2019","E09000003",11.1345919385229
"2019 - 21","E09000003",9.71056
"2020","E09000003",8.3
"2020 - 22","E09000003",8.55561
"2021","E09000003",9.7
"2021 - 23","E09000003",8.56959
"2022","E09000003",7.6
"2022 - 24","E09000003",8.13816
"2023","E09000003",8.3
"2024","E09000003",8.46143
"2011","E09000004",20.2081
"2012","E09000004",15.3513
"2013","E09000004",17.5317
"2014","E09000004",14.8442
"2015","E09000004",14.1598
"2016","E09000004",12.5459
"2017","E09000004",11.6884
"2018","E09000004",12.178932668442
"2019","E09000004",14.1653407799461
"2019 - 21","E09000004",12.9821
"2020","E09000004",12.9
"2020 - 22","E09000004",12.34749
"2021","E09000004",11.9
"2021 - 23","E09000004",10.34054
"2022","E09000004",12.2
"2022 - 24","E09000004",8.81395
"2023","E09000004",7.1
"2024","E09000004",7.18879
"2011","E09000005",20.0899
"2012","E09000005",16.7368
"2013","E09000005",13.9793
"2014","E09000005",16.1547
"2015","E09000005",12.205
"2016","E09000005",12.8062
"2017","E09000005",15.7856
"2018","E09000005",17.1310327435501
"2019","E09000005",10.3323162468635
"2019 - 21","E09000005",9.32108
"2020","E09000005",10.2
"2020 - 22","E09000005",10.17371
"2021","E09000005",7.4
"2021 - 23","E09000005",9.33432
"2022","E09000005",12.6
"2022 - 24","E09000005",10.37104
"2023","E09000005",7.6
"2024","E09000005",10.63977
"2011","E09000006",16.0629
"2012","E09000006",17.4096
"2013","E09000006",15.1263
"2014","E09000006",12.7312
"2015","E09000006",14.22
"2016","E09000006",13.8109
"2017","E09000006",13.7574
"2018","E09000006",13.8821112109927
"2019","E09000006",9.42428923308145
"2019 - 21","E09000006",9.33377
"2020","E09000006",10.4
"2020 - 22","E09000006",8.13629
"2021","E09000006",8.2
"2021 - 23","E09000006",9.04985
"2022","E09000006",5.9
"2022 - 24","E09000006",8.50317
"2023","E09000006",13.2
"2024","E09000006",6.57246
"2011","E09000007",18.2019
"2012","E09000007",17.5324
"2013","E09000007",17.2599
"2014","E09000007",15.944
"2015","E09000007",15.8773
"2016","E09000007",11.4222
"2017","E09000007",16.3587
"2018","E09000007",10.9487007728377
"2019","E09000007",12.0478498902636
"2019 - 21","E09000007",8.78747
"2020","E09000007",8.5
"2020 - 22","E09000007",7.53772
"2021","E09000007",6
"2021 - 23","E09000007",9.48753
"2022","E09000007",8.3
"2022 - 24","E09000007",11.50069
"2023","E09000007",14.5
"2024","E09000007",11.71777
"2011","E09000008",19.5782
"2012","E09000008",18.5561
"2013","E09000008",18.1353
"2014","E09000008",17.6519
"2015","E09000008",17.9596
"2016","E09000008",13.2023
"2017","E09000008",12.0044
"2018","E09000008",11.3686279473187
"2019","E09000008",12.4301988772097
"2019 - 21","E09000008",11.31453
"2020","E09000008",9.2
"2020 - 22","E09000008",11.29266
"2021","E09000008",12.3
"2021 - 23","E09000008",13.55547
"2022","E09000008",12.3
"2022 - 24","E09000008",13.66111
"2023","E09000008",16.1
"2024","E09000008",12.61422
"2011","E09000009",20.6979
"2012","E09000009",17.3794
"2013","E09000009",14.9201
"2014","E09000009",16.2924
"2015","E09000009",15.0689
"2016","E09000009",15.4392
"2017","E09000009",11.0004
"2018","E09000009",9.16542653742509
"2019","E09000009",9.95270382296221
"2019 - 21","E09000009",9.97882
"2020","E09000009",10.4
"2020 - 22","E09000009",11.48341
"2021","E09000009",9.6
"2021 - 23","E09000009",15.2702
"2022","E09000009",14.5
"2022 - 24","E09000009",14.53498
"2023","E09000009",21.1
"2024","E09000009",7.42233
"2011","E09000010",20.0994
"2012","E09000010",19.3234
"2013","E09000010",16.7241
"2014","E09000010",15.0064
"2015","E09000010",16.8489
"2016","E09000010",13.0518
"2017","E09000010",14.9206
"2018","E09000010",13.7013989730542
"2019","E09000010",15.8022474612966
"2019 - 21","E09000010",15.06426
"2020","E09000010",12.4
"2020 - 22","E09000010",13.92629
"2021","E09000010",17.2
"2021 - 23","E09000010",14.22154
"2022","E09000010",12.3
"2022 - 24","E09000010",13.10675
"2023","E09000010",13.3
"2024","E09000010",13.67576
"2011","E09000011",20.886
"2012","E09000011",18.5967
"2013","E09000011",17.7887
"2014","E09000011",18.133
"2015","E09000011",14.2317
"2016","E09000011",17.4203
"2017","E09000011",16.896
"2018","E09000011",18.1346004515137
"2019","E09000011",12.7590716539836
"2019 - 21","E09000011",12.37786
"2020","E09000011",13.9
"2020 - 22","E09000011",12.21263
"2021","E09000011",10.5
"2021 - 23","E09000011",10.59369
"2022","E09000011",12.3
"2022 - 24","E09000011",9.97273
"2023","E09000011",9.1
"2024","E09000011",8.63664
"2011","E09000012",28.4066
"2012","E09000012",22.3328
"2013","E09000012",20.8131
"2014","E09000012",20.1328
"2015","E09000012",20.5407
"2016","E09000012",19.6312
"2017","E09000012",21.4206
"2018","E09000012",14.7646230800796
"2019","E09000012",14.444338280036
"2019 - 21","E09000012",12.83988
"2020","E09000012",11.2
"2020 - 22","E09000012",12.39657
"2021","E09000012",13
"2021 - 23","E09000012",11.03043
"2022","E09000012",13
"2022 - 24","E09000012",11.7525
"2023","E09000012",7.5
"2024","E09000012",15.04581
"2011","E09000013",17.8517
"2012","E09000013",22.258
"2013","E09000013",22.7748
"2014","E09000013",22.9068
"2015","E09000013",18.6418
"2016","E09000013",19.6483
"2017","E09000013",13.5847
"2018","E09000013",12.0721331225058
"2019","E09000013",10.3335436629639
"2019 - 21","E09000013",10.74078
"2020","E09000013",11.6
"2020 - 22","E09000013",9.82804
"2021","E09000013",10.2
"2021 - 23","E09000013",9.59789
"2022","E09000013",7.6
"2022 - 24","E09000013",10.24773
"2023","E09000013",10.9
"2024","E09000013",12.02043
"2011","E09000014",20.5801
"2012","E09000014",19.8354
"2013","E09000014",18.481
"2014","E09000014",20.4573
"2015","E09000014",21.9863
"2016","E09000014",17.709
"2017","E09000014",15.6097
"2018","E09000014",17.7117461322986
"2019","E09000014",14.8977643607211
"2019 - 21","E09000014",12.38219
"2020","E09000014",13.4
"2020 - 22","E09000014",12.24006
"2021","E09000014",8.8
"2021 - 23","E09000014",12.12011
"2022","E09000014",14.5
"2022 - 24","E09000014",15.59303
"2023","E09000014",13.1
"2024","E09000014",18.95799
"2011","E09000015",14.5083
"2012","E09000015",11.6132
"2013","E09000015",11.7371
"2014","E09000015",11.9233
"2015","E09000015",13.1602
"2016","E09000015",7.3816
"2017","E09000015",9.0369
"2018","E09000015",10.8322317536212
"2019","E09000015",10.3632036138125
"2019 - 21","E09000015",8.39165
"2020","E09000015",7.9
"2020 - 22","E09000015",7.25806
"2021","E09000015",6.9
"2021 - 23","E09000015",9.78651
"2022","E09000015",6.9
"2022 - 24","E09000015",10.26651
"2023","E09000015",15.1
"2024","E09000015",8.60527
"2011","E09000016",20.1289
"2012","E09000016",20.1855
"2013","E09000016",19.7554
"2014","E09000016",19.7596
"2015","E09000016",17.2733
"2016","E09000016",14.9162
"2017","E09000016",13.4809
"2018","E09000016",14.9835982575126
"2019","E09000016",13.1834138358804
"2019 - 21","E09000016",11.29675
"2020","E09000016",11.2
"2020 - 22","E09000016",11.72964
"2021","E09000016",9.5
"2021 - 23","E09000016",11.40489
"2022","E09000016",14.5
"2022 - 24","E09000016",11.00807
"2023","E09000016",10.2
"2024","E09000016",8.17445
"2011","E09000017",20.0216
"2012","E09000017",17.8049
"2013","E09000017",14.0607
"2014","E09000017",17.544
"2015","E09000017",16.8065
"2016","E09000017",15.2183
"2017","E09000017",11.6414
"2018","E09000017",17.1450201088242
"2019","E09000017",11.7999280106622
"2019 - 21","E09000017",10.76848
"2020","E09000017",10.3
"2020 - 22","E09000017",9.32487
"2021","E09000017",10.3
"2021 - 23","E09000017",9.52267
"2022","E09000017",7.3
"2022 - 24","E09000017",9.62357
"2023","E09000017",11.1
"2024","E09000017",10.5563
"2011","E09000018",15.4667
"2012","E09000018",18.5226
"2013","E09000018",15.0163
"2014","E09000018",14.4054
"2015","E09000018",14.1029
"2016","E09000018",13.8126
"2017","E09000018",12.6244
"2018","E09000018",13.9300227288381
"2019","E09000018",14.2492607436094
"2019 - 21","E09000018",12.35109
"2020","E09000018",12.1
"2020 - 22","E09000018",12.52424
"2021","E09000018",10.7
"2021 - 23","E09000018",12.69963
"2022","E09000018",14.9
"2022 - 24","E09000018",11.80899
"2023","E09000018",12.6
"2024","E09000018",8.12518
"2011","E09000019",18.5596
"2012","E09000019",19.3205
"2013","E09000019",19.7134
"2014","E09000019",20.958
"2015","E09000019",17.5741
"2016","E09000019",13.4442
"2017","E09000019",20.0725
"2018","E09000019",15.5707638400804
"2019","E09000019",12.354541990965
"2019 - 21","E09000019",14.15203
"2020","E09000019",19.2
"2020 - 22","E09000019",12.42888
"2021","E09000019",10.5
"2021 - 23","E09000019",8.93024
"2022","E09000019",7.1
"2022 - 24","E09000019",8.49173
"2023","E09000019",9.2
"2024","E09000019",9.10449
"2011","E09000020",18.875
"2012","E09000020",17.9428
"2013","E09000020",16.8825
"2014","E09000020",20.3196
"2015","E09000020",18.8041
"2016","E09000020",17.9699
"2017","E09000020",13.1544
"2018","E09000020",14.939279904031
"2019","E09000020",14.9359193438141
"2019 - 21","E09000020",13.04572
"2020","E09000020",11.1
"2020 - 22","E09000020",11.53919
"2021","E09000020",13.3
"2021 - 23","E09000020",11.15779
"2022","E09000020",10.3
"2022 - 24","E09000020",9.56956
"2023","E09000020",10
"2024","E09000020",8.39171
"2011","E09000021",16.4563
"2012","E09000021",15.8249
"2013","E09000021",15.0876
"2014","E09000021",12.3923
"2015","E09000021",16.1579
"2016","E09000021",13.8204
"2017","E09000021",15.452
"2018","E09000021",11.2387915471223
"2019","E09000021",9.21992662676192
"2019 - 21","E09000021",9.07605
"2020","E09000021",8.4
"2020 - 22","E09000021",7.84258
"2021","E09000021",9.5
"2021 - 23","E09000021",7.39617
"2022","E09000021",5.6
"2022 - 24","E09000021",6.82078
"2023","E09000021",7
"2024","E09000021",7.80942
"2011","E09000022",21.1257
"2012","E09000022",22.0043
"2013","E09000022",19.8554
"2014","E09000022",19.0236
"2015","E09000022",21.1888
"2016","E09000022",17.3245
"2017","E09000022",14.6414
"2018","E09000022",12.3587649866641
"2019","E09000022",13.3630280164709
"2019 - 21","E09000022",12.19167
"2020","E09000022",11.9
"2020 - 22","E09000022",11.82295
"2021","E09000022",11.4
"2021 - 23","E09000022",11.21785
"2022","E09000022",12.2
"2022 - 24","E09000022",10.99119
"2023","E09000022",10.1
"2024","E09000022",10.67146
"2011","E09000023",20.6726
"2012","E09000023",21.3354
"2013","E09000023",22.711
"2014","E09000023",21.1465
"2015","E09000023",16.6589
"2016","E09000023",21.1861
"2017","E09000023",15.4933
"2018","E09000023",16.7304573467402
"2019","E09000023",14.5324495645962
"2019 - 21","E09000023",11.95809
"2020","E09000023",10.4
"2020 - 22","E09000023",11.8187
"2021","E09000023",11
"2021 - 23","E09000023",11.6147
"2022","E09000023",14
"2022 - 24","E09000023",10.89741
"2023","E09000023",9.8
"2024","E09000023",8.82842
"2011","E09000024",13.7712
"2012","E09000024",16.766
"2013","E09000024",12.806
"2014","E09000024",12.8349
"2015","E09000024",14.6475
"2016","E09000024",12.7337
"2017","E09000024",11.4958
"2018","E09000024",10.8739559308341
"2019","E09000024",13.5472818789727
"2019 - 21","E09000024",12.33661
"2020","E09000024",11.7
"2020 - 22","E09000024",12.36983
"2021","E09000024",11.8
"2021 - 23","E09000024",13.08828
"2022","E09000024",13.6
"2022 - 24","E09000024",11.20062
"2023","E09000024",13.8
"2024","E09000024",6.14595
"2011","E09000025",19.2275
"2012","E09000025",19.26
"2013","E09000025",18.8697
"2014","E09000025",20.8762
"2015","E09000025",20.0098
"2016","E09000025",22.3303
"2017","E09000025",19.0757
"2018","E09000025",18.2187748039829
"2019","E09000025",13.8136174809244
"2019 - 21","E09000025",13.92871
"2020","E09000025",14.8
"2020 - 22","E09000025",12.60472
"2021","E09000025",13.2
"2021 - 23","E09000025",11.74194
"2022","E09000025",9.8
"2022 - 24","E09000025",10.99526
"2023","E09000025",12.2
"2024","E09000025",11.01999
"2011","E09000026",15.4524
"2012","E09000026",16.6017
"2013","E09000026",11.7374
"2014","E09000026",13.7622
"2015","E09000026",11.5482
"2016","E09000026",10.377
"2017","E09000026",12.1484
"2018","E09000026",13.1988581775183
"2019","E09000026",13.3662147747682
"2019 - 21","E09000026",11.99194
"2020","E09000026",11.9
"2020 - 22","E09000026",10.98784
"2021","E09000026",10.7
"2021 - 23","E09000026",9.20593
"2022","E09000026",10.4
"2022 - 24","E09000026",8.45465
"2023","E09000026",6.4
"2024","E09000026",8.49993
"2011","E09000027",20.2817
"2012","E09000027",12.9744
"2013","E09000027",11.2815
"2014","E09000027",12.7487
"2015","E09000027",11.8189
"2016","E09000027",12.1069
"2017","E09000027",9.8136
"2018","E09000027",5.86128037748411
"2019","E09000027",7.99972116691645
"2019 - 21","E09000027",6.99282
"2020","E09000027",5.5
"2020 - 22","E09000027",6.2573
"2021","E09000027",7.4
"2021 - 23","E09000027",6.03787
"2022","E09000027",5.8
"2022 - 24","E09000027",6.68981
"2023","E09000027",4.9
"2024","E09000027",9.26874
"2011","E09000028",18.941
"2012","E09000028",19.8913
"2013","E09000028",17.9919
"2014","E09000028",16.7681
"2015","E09000028",15.8849
"2016","E09000028",15.316
"2017","E09000028",12.2347
"2018","E09000028",14.4767280879608
"2019","E09000028",15.5584943963139
"2019 - 21","E09000028",13.84553
"2020","E09000028",15.1
"2020 - 22","E09000028",12.15933
"2021","E09000028",10.9
"2021 - 23","E09000028",11.41138
"2022","E09000028",10.5
"2022 - 24","E09000028",9.97727
"2023","E09000028",12.8
"2024","E09000028",6.7927
"2011","E09000029",18.6669
"2012","E09000029",17.4472
"2013","E09000029",18.1157
"2014","E09000029",14.8338
"2015","E09000029",14.3583
"2016","E09000029",12.8028
"2017","E09000029",12.7706
"2018","E09000029",14.0624893615573
"2019","E09000029",15.8263878179124
"2019 - 21","E09000029",12.68707
"2020","E09000029",10.8
"2020 - 22","E09000029",9.43623
"2021","E09000029",11.3
"2021 - 23","E09000029",7.92743
"2022","E09000029",6.2
"2022 - 24","E09000029",7.13841
"2023","E09000029",6.4
"2024","E09000029",8.70997
"2011","E09000030",20.5845
"2012","E09000030",18.1641
"2013","E09000030",18.5956
"2014","E09000030",22.6668
"2015","E09000030",19.944
"2016","E09000030",18.0406
"2017","E09000030",19.7035
"2018","E09000030",20.3454582590612
"2019","E09000030",15.0987296357638
"2019 - 21","E09000030",13.07878
"2020","E09000030",13.3
"2020 - 22","E09000030",11.58809
"2021","E09000030",10.9
"2021 - 23","E09000030",11.0929
"2022","E09000030",10.6
"2022 - 24","E09000030",12.16838
"2023","E09000030",11.7
"2024","E09000030",14.16057
"2011","E09000031",21.5605
"2012","E09000031",20.2526
"2013","E09000031",18.7873
"2014","E09000031",21.646
"2015","E09000031",17.7104
"2016","E09000031",19.6667
"2017","E09000031",16.3565
"2018","E09000031",11.7196941284327
"2019","E09000031",16.1505796054687
"2019 - 21","E09000031",12.42237
"2020","E09000031",12.9
"2020 - 22","E09000031",10.63717
"2021","E09000031",8.3
"2021 - 23","E09000031",8.36441
"2022","E09000031",10.8
"2022 - 24","E09000031",8.07516
"2023","E09000031",6.2
"2024","E09000031",7.44542
"2011","E09000032",15.6559
"2012","E09000032",15.0645
"2013","E09000032",16.7649
"2014","E09000032",14.7262
"2015","E09000032",13.7246
"2016","E09000032",14.598
"2017","E09000032",13.1966
"2018","E09000032",12.1519695372502
"2019","E09000032",13.4655465894668
"2019 - 21","E09000032",11.80944
"2020","E09000032",9.7
"2020 - 22","E09000032",9.74431
"2021","E09000032",12.3
"2021 - 23","E09000032",8.93243
"2022","E09000032",7.1
"2022 - 24","E09000032",7.65457
"2023","E09000032",7.3
"2024","E09000032",8.51396
"2011","E09000033",22.0403
"2012","E09000033",17.7361
"2013","E09000033",17.3492
"2014","E09000033",17.5649
"2015","E09000033",15.0756
"2016","E09000033",12.8655
"2017","E09000033",14.1099
"2018","E09000033",11.5180472658995
"2019","E09000033",10.4713018165243
"2019 - 21","E09000033",12.35426
"2020","E09000033",15.5
"2020 - 22","E09000033",12.62391
"2021","E09000033",11.1
"2021 - 23","E09000033",11.74589
"2022","E09000033",11.2
"2022 - 24","E09000033",12.72957
"2023","E09000033",12.8
"2024","E09000033",14.07864
